-0.990215839444553,0.860100833326504,2.34331250204473,1.38894844326751,-0.001097107631629,-0.540374106805326,1.86147094882487,-2.168894863313,-1.03022691485843,-2.17046222859764,3.0928029100611,-1.1419055178111,-0.285958712137326,-0.347249773363714,-1.24304815137136,1.1200802087253,-0.0874364383970629,2.82241805023445,1.15397366056101,-0.129600801680938,-1.42412595445058,-0.464507988381634,-2.61882395459499,-2.06335653797484,-0.815211778721844,2.96420395305192,-1.56274477239479
0.587455360221274,0.436925462550826,-0.789785413456114,-0.554871537147026,-0.635798617227205,-0.248605155565559,-1.52549728076129,-0.310914889765106,1.94346309303765,-0.556008847819374,-0.131126675352765,0.588775873786067,-1.14132619982796,-0.196217968400793,-0.434487867540995,-0.0853438286266154,0.408857331542808,-0.572837058573106,-1.2114270272697,-1.15278850685886,0.448872469249539,0.356279762135374,0.0452358329999442,0.0496085389995014,0.0813801314988815,-0.706760297136038,0.681559080000834
-0.146993638214394,0.199312044529025,1.05051038542837,-1.38503896017998,-0.183662935110806,0.939341474247414,0.367062450647886,0.357276693841821,1.1291397542935,-0.826507184039723,0.477956358364085,-0.373447923706369,1.20582848114524,2.22846739012758,2.92105681253262,0.243645141638064,2.10570984998038,0.515222992128203,0.0296984884729999,0.868764569616909,-0.0338403788570359,-0.508029752114503,-0.425617442755965,-0.73258855202422,0.133954201467683,0.497297529010717,0.545114897544394
-0.17444245561296,-0.813535391528363,0.120552657047609,1.04646419113168,0.539595678994635,0.326262698183027,0.3551084451317,0.561079906466996,0.73697896553801,0.771247132376092,0.556593957725244,0.156368735445471,0.921131605041678,-1.1990505086516,0.613739177476682,0.394694292195029,0.240721615734472,-0.245803984622633,-0.115674333960665,0.674362606513555,-1.35835016968517,-1.05907557641538,-1.66897184659422,-0.931601620545429,-1.13882711506939,-0.634608452211214,-0.395090636761465
-0.860321062215974,0.203185933229783,-0.547725179737003,0.619805720812267,1.8681297411971,-0.927459065477157,-1.13665675809616,-1.05199649088785,-2.68673746085542,0.0533121010324023,0.19957017140871,0.542289508294283,-0.865035823756984,-0.5383385573964,-1.17404044597191,0.110006346151733,-0.455736150526339,-0.483849836603974,0.776783324524514,0.830222543208874,-4.79079019198536e-05,0.151179040638177,-0.606964064967253,-0.0983414758206637,0.0475459921307076,-1.33802061461752,0.121161695139622
0.690257960974732,-1.11801588610783,-0.207446449472534,-0.241951148120371,-0.285405349383055,0.771045740587154,-0.122669089530586,-0.0470648798280115,-0.345151068489277,-0.770843636164884,0.480409366919253,-0.476773164287848,-0.171255196067705,0.025848212779177,0.347009394432713,-0.331338009386158,1.54575030485958,0.284457684070977,-0.571557352632083,0.223939020802643,-0.65277888320359,-0.846277564353782,0.295748720291801,0.379054002897119,0.473563672308755,0.0427716525091512,1.08697835409756
-0.300873372115444,-0.10388908265042,0.313401928743146,-1.14132598316256,-0.80489387583856,-0.352359465142995,0.409828595794903,-0.0469472275188038,-0.391828392973167,-0.649459680925214,-0.511100728953971,0.433488229817383,0.231505352368502,0.602862927039883,0.0294239328443648,0.945083280306312,0.0193131571935407,-0.481886883178184,0.796360728197391,-0.333651488816481,1.44862175326532,1.07889498591229,0.577365908706788,0.583540861930555,0.0984531542207089,-0.370632455178015,0.51503681308222
-0.357639668620075,0.0767253863817025,1.08728822841082,0.534200733832204,1.05529659843907,-0.351895971971844,-0.319424918937599,-0.510232608101734,-0.758168188489989,-0.143919285198068,-1.86989585886524,0.16332370328345,-1.53175497477887,-0.616112216879974,-0.562002105779113,-0.355879620668941,-1.15175167818209,0.0550563769839785,0.262463437294655,-0.431301862994315,0.39680583120006,0.0554279532214639,1.87716840192583,1.24124118752547,-1.31906792098266,-0.0518934811493181,0.349971615999144
0.539039132979488,-0.78177487215725,-0.315355492466728,-1.77866113974934,-0.216784686797566,0.837154862160637,0.526528095190545,1.07566169386452,1.29059816371691,-0.632854168744065,0.266139574359566,0.922414474611446,3.04713301953263,1.42053026076893,0.625770520896326,-0.0958699201468325,1.97132034157353,2.96646863240394,0.120655193662668,0.077833547580963,-0.645697325236706,-1.02716389261714,-0.773145759094007,-0.33334574120045,-0.312838468623147,-0.419587755261951,0.387355864922373
-0.116172114319367,0.944288576222891,1.2200875509193,-0.386394492348703,0.421038825229728,0.348414945333643,0.203450383729811,-0.20616021495423,0.195063542307307,-0.800312573275093,1.9197499917346,-0.254653875347314,-0.238580508828676,0.238184189588746,-0.463051056906334,0.387005988703228,0.210751445653108,1.31373734609771,0.445137135195268,0.315509377097179,-0.532792996848618,-0.530560363037377,-0.455916444544393,-0.708850998249263,-1.47992964450129,-0.0170815824853051,0.610349995609762
-0.333084998012391,1.31763124477403,-1.23085322415218,0.157378030580995,1.11618356972162,-0.210830462116725,-0.681181531415063,0.53740237923893,0.591744786456837,0.47071854595772,0.185392185747254,0.605363871790443,-0.837940745526956,-1.39666493872911,-0.452609891045895,0.309324169006847,-0.663078019590944,-1.05992633493412,-0.684196873092009,-0.0634872159151654,-1.57260606583654,-1.16507368189595,-1.43355292231143,-1.51051486977462,-1.39678877913534,-1.10075993137751,-0.358976120123491
0.0954424297761749,2.3237687119502,-1.84095079542527,-0.359788623155839,0.702415237286394,0.584003071369031,-0.124428656019107,1.2705233309899,-0.103737846607685,-0.267283428275303,0.364386100133954,3.42664257815893,-0.363486681187846,-1.04163871938593,-0.830322066382287,0.532500431952719,-0.585686263705468,-1.01258895808912,-0.722108902758753,-1.00047084145207,-1.61486280771923,-0.604358136323546,-0.303557512944335,-0.325586342084682,-0.367825975766164,-1.11568907732076,0.274870073618849
1.38169697558543,-1.72583170724436,-1.44334249647494,-0.0284611524217342,-1.49331918362462,1.09686099167841,-0.204520492977556,-0.41352240993294,0.656166620553688,-0.496556436601794,0.0846744809839553,-0.172073625041188,1.02468551169308,-0.057208112550204,0.659404276441015,-0.323886188230058,-0.326466404431918,0.960607058012058,-1.47650419574562,-0.505715994913807,0.941540850673062,0.759035680110914,0.462129425173682,0.643791044184667,0.632697129376354,-0.163640017488854,0.35702799705982
0.00147381330213134,2.05814341050559,-0.644704617862377,-0.258750624438524,0.190660402133826,-0.255325806547253,0.108394341186248,-0.202439460675534,-1.15916560050655,-1.27820829942742,-0.435441061789415,-0.643572479160773,-0.503788478606693,-0.898404673015261,-0.833082374598266,0.791422313730601,-0.558301488545992,-0.423073778613178,0.770788749837524,2.03033876879076,-0.910196099810058,-0.571901227777,-1.01587717158847,-1.04830298324657,-0.836840675431437,-0.728487841346354,0.51076967999243
0.0328308682962586,-0.71565036548911,-0.220188408448198,-0.305049659650277,0.0454952129229527,0.910959333590441,0.476581656301132,0.723881289333259,-0.10197052195547,0.251541377196763,0.175211695509034,-0.648688777340436,2.09895801585725,-0.767503320806672,-0.349788410000711,-0.227364609122805,-0.723120414816379,0.116310590296441,-1.02008312744376,0.177413666565235,-0.983337738665108,-0.770266820030348,-0.0141279953513136,-0.449562917396771,-0.813575550129156,-0.887857328360702,1.19436440097671
-0.2574383816948,-1.45725401949202,-1.77585399485293,-1.17830090711639,-0.644356390390291,0.512777803115163,0.560062434097339,-0.265927588031782,-0.309543277445332,-0.913432752499732,0.30794166665155,-1.12468837501494,0.128409648843876,0.738376901080748,0.352259980713106,0.0560253116556416,1.07937610269915,0.197018175379871,-0.382947563699963,0.0429130970425446,-0.404032698341246,0.852367380815061,-0.185755487661018,0.37775042384567,0.918270150943908,-0.386552322476769,-1.00687263013709
0.292449508572854,0.618989284861292,0.199168139784253,1.46347702911531,1.32385219847919,-0.683307221497143,-1.09231252641235,-0.210778068090635,-0.546873124223219,0.32940797610067,-1.18249825572043,0.435366870555228,-0.58883097893634,-1.25139162796943,-0.534609047070548,-0.17779265639679,-0.875862825333208,-0.492280469907045,0.961416224883802,0.0114291783512071,-0.510760047334862,1.20540316354257,0.426438620368424,0.411838395289131,-0.753341885060834,-0.235484397165419,-1.0497104833019
1.31293250360521,-0.074320486447172,0.55468543927361,0.360338210979737,-1.44799468131642,0.346233800998813,-0.118834339246185,-0.062830289261854,0.462877363899532,-0.60805504468386,-0.243308914338716,0.477936070253207,-0.798015979747197,0.957588112116109,0.818392029011318,0.816699647835566,0.422311590642898,-0.670280079914871,2.61948634147746,-0.139328830294214,-1.09485935409251,-0.921486507576757,-1.32741385291001,-1.37208718954933,-1.27898032046181,-0.45016346606106,0.998825629047523
-1.11190673600607,2.53517746483454,1.92667448497255,1.30267630005089,0.412005620224248,-1.42612318902763,0.76288600623831,-1.18214494598736,-1.71594412904493,0.409020882388885,-1.06358286156453,-0.409661721759297,-1.15245748112111,-1.16671360191165,-1.05798748750013,1.45404581836574,-0.922127787093316,-0.410616574180282,0.854727416369253,-1.39212973257789,-0.437786401643259,0.172827670350548,-0.0777805826115239,-0.481444736483638,-0.95352422694749,-0.261789757294261,-0.376960524950701
0.247510473363247,-1.71983746837714,-1.28041556095157,-1.02718600052247,0.617423871594482,-0.153711744848369,0.424031374626016,0.930066961219891,-0.417554368757418,-0.511400049368417,-1.00119770571704,-0.200652946904151,-0.188819649260789,-0.892772418988482,-0.594735760818592,-0.111882401855321,-1.17420379197744,-1.13283243845352,-0.0329375065491088,-0.100258106678936,0.703042248781046,0.671275342461367,0.515456593952734,0.846194659743502,0.440087457945231,0.873132799641146,-0.150511057224751
0.512695218786875,1.34983909540389,1.00816787560155,0.37979023619023,-1.02232470509327,0.149181042499031,-0.553908852222926,-0.756773022046634,0.181656579488626,-1.08666020821107,-0.765638221622986,-0.343949267014248,-1.45258663853449,-0.672434757147765,-0.61765832035128,-0.391099723199393,-0.970944125421078,0.612660980256056,0.855984814962134,-0.938031701276636,-0.161993317465788,-0.323006130172778,0.730434491061564,0.781611629023145,-0.335714989634665,0.671298945561666,0.701000554663582
-0.598366594805005,1.71906631637455,1.5624837765433,-0.0650341750282402,-0.593326705973368,-0.381777649359012,-0.249925987857355,-1.07545930265161,-0.817387816957337,0.0397002586529248,-0.600085380862651,-1.25610928739709,0.90133722996495,0.121713060628078,-0.909380894089921,1.87246189766663,0.404707092326092,0.345077712430492,0.0022404122238122,0.456803705732946,-0.661721288519438,-0.496900752840144,0.298255638718797,0.146706555774572,-1.26931634533625,0.373662336405159,0.352552711136382
-0.169178298851591,-0.127839198243791,0.394181140362451,-0.938767704111141,0.125209285164295,0.408928068473078,-0.128133214164222,0.0161732363711693,-0.24761565152701,-0.64595147412638,-0.129456004917043,0.107044423307155,0.389890899857447,0.186600511329694,-0.487473783947705,0.139650720722649,1.28073074141833,-0.336376668974134,0.970101047723002,2.43288882238579,-0.0216931808846424,-0.456955022015318,0.314701023599888,0.817478675495869,-0.583174111421296,0.164425402403705,0.768088212948419
-0.691229966244735,-1.88892868418391,-2.25224421722319,-1.38921873419215,0.251515677960218,0.875188566499232,-0.349937222126439,-0.0390645228018826,-0.339283740678834,-0.560748825005355,0.283689184948702,1.07522391164935,0.893731058060466,-0.0415931738000994,0.351239866807201,-1.14768028739018,-0.977407612725799,-0.773184138351461,-0.425742978599522,-0.0557946715497758,2.88787087472844,2.77850485059746,1.61120364080949,0.843128145212951,2.59566011916658,1.7784129789323,-1.32220335783085
-0.515074417476854,0.831561099018377,-0.202545696020355,-0.689347727961717,-0.255294666031455,0.210961955783086,0.155665923395801,0.752559039702655,-0.806532072789837,-0.237494854545644,-0.625725881809678,-1.04810378663811,-1.01929754310494,-0.933557706768606,-0.857715125090852,-0.180005080026351,-1.45451503087692,-0.588062530657757,0.860619644659148,-0.0403567130982722,1.07292442704043,1.1284462939206,0.983178150073689,1.56116431682821,-0.698579359349312,0.476413806092845,0.232427710837967
-0.20668826434602,-1.06492661231961,-0.988404628838744,-1.09534846902867,-0.333582442745616,0.541326256027667,-0.958648596746215,-0.196145062132918,-0.631106097566666,-0.675576331538759,0.752753884655416,-0.287909813515125,0.565535431788292,0.0441530383662088,-0.351588611011132,-0.725690697238686,-0.916174575102126,0.597760150468747,0.0193615023664101,-0.20512519773564,0.538680322173734,0.139392564461442,0.527196685786234,0.181245193118677,-0.9716250057541,-0.0629622300866491,-0.212861157015753
-0.0645674260677676,0.899734382851583,-0.383226304427087,-0.641119566282807,0.945345061021489,0.40325709320252,-0.427650093630677,1.20978532636138,1.66301907631662,0.244945948414954,0.539877158682615,1.28291364088006,-0.308319024724001,-1.19273849982849,0.188861735667273,-0.135772372924171,0.1997805264122,-0.849135336287785,-1.45338853091603,-0.438359970711013,-1.30691841656802,-1.20885202198096,-0.633128579749928,-0.791808286075759,-0.702874459405118,-1.029769621835,0.397055786970382
0.496231625487087,-1.39335722249244,-0.169682907776879,-0.824627721471056,1.06753104451667,0.347310741014135,-0.814135322139645,1.35626245132507,3.21598435135927,0.480198500329681,-0.618659602021127,1.3684517510713,-0.329549102931294,-0.726135386058261,0.902821456400039,-0.0799993278397653,0.289708045833411,-0.489537368324852,-0.992464221141995,-0.849924311689544,-0.751067806371702,0.678315156123389,0.396715052778931,0.127128039925667,0.0293889679662245,-0.247475541847527,-2.6758420503289
0.348999313782103,-1.68566136020878,-1.98242537621457,-0.149996119852585,-1.66003728302401,-0.292364363783082,0.265193019481731,0.118721930384399,-0.699423647294742,1.4118846739188,0.628124898556203,0.130987099944798,-1.27089077064269,-0.311824837691835,-0.646911586770613,-0.525095869770784,-0.390420910394421,-0.24021711718,0.262872822883035,-0.921509913550284,1.97411729108169,1.21935450269055,1.18240488586583,1.51149174744871,1.09922680686648,0.589287373381277,-1.70162434300491
-2.58678217148566,0.402212556871976,0.650758700345562,0.0225803186884446,0.775124613716468,-1.96472951820967,-1.40702243401176,-0.856733365257292,-1.38088883039593,-0.959819042395431,-1.68430506756166,0.0603182313382001,-0.977295589817133,0.0248868452815027,-1.59777776047472,0.800145884336472,-0.878074018358507,0.515509885321203,0.604709789180164,-0.876517781213881,0.0367555174442257,0.234005094315505,0.305183989891497,-0.155003711923646,-1.15068977236638,-0.798384941117277,0.430485132054294
-0.810300178704266,0.443724897683797,0.93017562075675,0.153760918455077,-0.75592439607201,-2.71954177958171,-0.449889278150394,-0.511703261966831,-1.13291702872299,2.18376812981345,1.79513110032079,-0.456467855887309,-0.00514128917380327,-0.142517339490297,-0.736021536786427,1.50255097299959,0.278158814570501,0.362220839015722,1.25301573112118,-0.736571630456585,-0.157948558992001,-0.0921675933508741,-0.972850737786063,-0.823466634468091,-0.868593736558286,0.00416768244994139,-1.73265993050187
0.815959643640143,0.146625368873677,-1.31148448849745,-0.118808575300223,0.826376166326508,0.914340107309427,-0.0390230071696508,1.06830842453903,0.185554670556212,0.0470129208247174,0.818823600678367,-0.361696426324955,1.20882207490684,-0.962010300386645,0.302124382572895,0.252557898112496,-0.415934676070952,-1.26070123789502,-0.414572600402302,-0.53971122533955,-0.0411028525384032,-0.240997913617918,0.68040411285389,0.85996293753452,1.84621629157202,-0.15957464365076,-0.183942483836999
-0.860662890577102,1.5817356199389,-0.16657601502229,-0.849786745813554,-0.906794767391608,0.0911080745841868,-1.03285811613878,-0.547851933970921,-0.199228012863558,-0.550122856412441,-1.00553842044429,0.0906562807004218,-1.26343122373877,-1.07688886096733,-0.506195874456078,1.03510422276329,-0.691823528919835,-0.527361970875645,-0.107618210417906,-1.15844556697636,-0.118418475377585,-0.233509091339638,0.270141127079677,0.932764723798299,-1.72403449767291,-0.764939554667749,0.225038285243454
0.652544037891497,0.21886936716149,0.939348351746488,-0.625927695353952,-1.84672351980393,0.855299256596002,0.161556131394371,-0.0733454643972992,0.183229118359279,-1.1629052359724,-0.484147918903355,-0.584455252537946,0.0615119923345626,0.696873015373069,0.179560697113434,-0.371923633355522,1.95106241162637,0.062153208600295,-0.857483944287629,-1.0668223409611,2.79405315421825,3.42026645140417,1.78520692042847,1.98878790585781,1.58513556675126,1.69276682588943,-0.601370094906898
0.253686172420957,-0.666041328893949,-0.294661367512058,-0.45696836893884,0.110787852611686,-0.116018844312091,0.456263792139957,0.0619252781143441,-0.559557954388306,-0.985078131347038,-0.0909750641256777,0.583939373163104,-0.760779338977858,0.067983299369167,-0.593715646912688,-0.461151046197143,-0.819052173760133,0.0760952111373141,-0.0708933989574641,-0.476901997119048,0.416460126744903,0.286314598109395,0.980833217145053,1.14718485520378,0.299893346837994,1.31530198944323,0.348160686346404
-0.813832405102587,-0.871366376659314,0.143373524066433,-0.280855198541358,-0.687145256205723,0.705475089021332,-0.363473259395758,-0.61832566718638,-0.0698736258523495,-0.263408808766368,1.22735551931073,-1.12075921789728,-0.400265118830409,-0.0643164055633113,0.493395739930072,-0.0573553559219103,0.403074211322794,0.337550541024675,0.0363363833703008,0.519903717417431,0.14434867735715,0.34027581217023,1.07186906722322,0.756160799923427,0.67222227631847,0.554402024685736,0.444660340025741
0.311364011221928,-0.368360269447456,-0.530581789359005,-1.06842107875794,-1.5101177753892,0.122366599332717,1.78761649890308,-0.257721339464539,-0.463067729424662,-2.29317150640576,-0.871480998170066,-0.292466516581387,-0.129589258406197,-0.560110132444742,-0.705778159811363,0.317874319233205,-0.912602647907412,0.300810596071978,0.395118988843579,0.0738154488059142,-0.358416093189598,-0.357339253294396,1.14473168710445,1.48674857554835,0.401022500294808,1.96084235956608,0.220646260453475
0.897383159260795,-0.197184489974918,-1.0013500153162,0.229720273099359,0.33725188687188,0.596505118053234,-0.942709922724633,0.86138742571985,1.1333680310152,-0.359650615281058,-0.299818963276299,-0.103962905524422,0.884261526773759,-0.0490316334285697,0.252138801183553,-0.0810661259319291,0.103338492154914,-0.856836153573575,0.105888070653254,-0.360192088620094,-0.977393365189256,-1.04480351682722,-0.55645544385966,-0.928249560127418,-0.673524609023779,-0.164767390065804,1.11568262985766
0.0226899602494661,-1.33281540993348,-1.14578354158606,1.05675286562318,1.19713376475319,-0.192304367422764,0.51268038583021,0.486811886279585,-0.613741657771387,-0.593141267781259,-1.48185615161968,2.80405304342117,-0.763131448361975,-0.213920725453928,-0.705688149760842,0.179237863719052,-0.829938047115453,-0.865593945780945,-0.36654289833703,-0.767976244566835,-0.398450156294359,-0.134278187146937,0.92433884619331,0.406214382810022,-0.796497414192976,-0.225167229946055,0.896893186409967
0.423392559442226,-0.393598699066022,-0.766113849611629,0.558877476557912,0.867548563877802,0.320291815566431,-1.04639020819176,-0.173070502989542,-0.740281152695399,-1.43553188431738,0.512889017233057,-0.200772860142736,-1.68279399880183,-0.935402755501516,-0.646521543218355,-0.907204027796998,-1.03115661241769,-0.796764745530499,-0.302174325021242,5.31227955247414,0.260948855341093,0.162195787758472,0.618078263961198,0.435898740067303,0.358086839379808,0.403356646825924,0.632060336159276
-3.39212979030285,0.0577406477604343,-0.301873797120924,0.925652646126015,2.01448509478676,-3.48103379547918,-0.548858975305197,0.892124091500382,-2.10432797398722,0.281852283938692,-0.173847384017261,1.26508653941029,-0.924571683362761,-0.995415393235127,-0.805119252236401,1.23889944450768,-0.867018053232011,0.519856065534458,-0.318194460349376,-0.628743835039318,-1.46922565756085,-0.592699948322885,0.223699113340429,-0.591479223464516,-0.264339630493008,-0.106417318507282,-2.28014351356354
1.48914502376661,0.122881025659329,1.16259819917749,-0.842874042639577,-1.57319173314676,1.17520496975507,0.601566110014923,-0.364417277377343,2.41855036513831,-0.514261186913245,-0.395466107557041,1.10096528686579,0.0662467579779158,0.752865389025496,1.88507113438581,0.459500962503225,0.733613550250806,-0.742934522738651,-1.06991120191513,0.434915641353074,-0.330232009383438,-0.606073990678527,1.15244528226444,1.17292123019095,0.954471708557127,2.3151106511714,1.41935679886712
0.444536922433724,-0.646636098889457,-0.520965216547183,-0.736691706676512,-0.150065751581652,0.297089892704679,0.681456740939932,0.624318022666177,1.54370090792854,-0.116422739910315,0.437522095945455,0.654967981485459,0.803403948335334,-0.384442071506065,0.9920604208216,-0.424953483345792,0.264619509584822,0.47719580271744,-0.296770435254629,0.0114291783512071,0.398701440211305,1.14886014993826,1.03607798568088,1.73308777115645,0.806290756631832,0.552513846433371,0.572278842335493
0.2417677568963,0.665601202022841,1.19009272058286,-1.23689812355626,-0.888094448257456,0.625399827628892,-0.220964154690911,0.0521748429887496,-0.128297483138929,-0.444299747329378,-0.591303004554023,-0.418295474937479,0.199797695995595,1.06441643375162,0.72076112754618,-0.311904416554524,-0.0457299361044945,-0.653141986543553,-0.193676909460887,-0.582535699126255,0.78977841132435,0.514250614947641,0.574959267016872,0.962312515631142,1.07897847803197,0.433351589933877,1.22521265092338
-0.257483958809617,-0.535016661212862,-1.29465548607677,-0.554550016069166,1.12566051111334,0.00185837483336882,-0.14827748880635,0.348202759494171,-1.30321206140748,-0.813643759110664,-1.85207873911268,-0.396591178753439,-0.275969883973607,-0.252521087102974,-1.21280477439629,-0.892647226243827,-1.49414641356113,-1.97743089900387,0.694847723193072,-0.214033745677689,1.36413411460201,-0.214490369236771,0.184111400260345,0.261682228112371,1.24178322300441,-1.56479331661136,-0.0333355825791315
0.651826198333129,-1.34467863491548,-1.70594890787469,0.564021813803663,1.19637307380536,0.499990844452223,-0.750893504177774,0.752411974316145,-0.564855177472229,-0.498980997300544,-1.88958049541907,0.680469530224718,-0.879209573811925,-1.36860077642326,-1.01319248569084,-0.481020817559071,-1.314189319656,-1.57666124123848,0.410514811149434,-1.0912745867961,0.385276977294665,-0.240709265221753,1.13553708167375,0.828254928987848,0.509570927776592,-0.271252854379571,-0.0146003704809519
-0.837646447594494,-0.616261411757946,0.944119651333892,0.191218124025696,1.04304630463339,-0.14103384340217,0.0382049972461581,0.198431369872669,-1.39416751965115,-0.645249832766613,-1.31206354298621,0.876407762074006,-1.3209418255242,-1.23527172851348,-1.29537399407425,0.134101268578191,-0.142257016247368,-2.38283111356856,-1.30504473878384,-1.1809151982842,1.78945403679924,1.74846304888289,1.37922497996805,1.33965519839057,0.305390052266555,0.114650194991078,0.340001095267392
0.02417121648102,0.00907100680864387,-0.0368262556997081,-0.6237574280784,0.171643128438078,0.345756675675569,-0.113830621359658,0.248889503984155,-0.610914888502388,-0.322455827198305,0.274684725561006,-0.146811902779101,-0.17134683669306,-1.10116581797931,-0.936353905896054,-0.0158002069278006,-1.24972453837997,-0.292940032911147,-0.222563595204382,0.429628669280641,0.617042671646707,0.457210484661048,1.35654701019769,1.43491578945503,0.0976299267100128,-0.00707188051420018,0.275015780602403
1.65578634981643,-0.256312735756238,-0.401830674136112,0.00409285671152956,0.986152960826948,0.840917336138218,-0.138856312181712,1.71995515216361,1.53657459884703,0.399322639593885,-1.14222046092569,1.32888038233797,0.861137542309125,-1.52377908564383,0.598497475588455,-0.522084661362853,-0.0465293674290257,-2.03201610388256,1.32538925478118,-0.187678189896612,-1.78905879566377,-1.67614170332798,-1.99633682518406,-1.99110101340881,-1.285371838402,-1.26463890869966,0.457191140611366
1.25638269839596,-0.582453009884284,-1.52175455170979,-1.1009750878912,0.366364163354454,0.86376482304556,0.540612517531398,0.409396666820867,-0.18654318269847,-1.23221181028715,-0.541637152325923,-0.128824916991223,1.57159676381305,-0.0238709951813551,-0.0558455883492191,0.0785016438732994,-0.462369729602237,-0.222298875652279,2.43073034340663,-0.0361271354403258,-1.20495948890612,-1.27427899177835,0.135145498184749,-0.336375010615245,-0.157146204814545,-0.746354988550749,0.464039368838394
0.313904935372978,-0.507594807720346,-0.0900317941220383,-0.503428164689523,1.10959091484043,1.07838942559282,0.519781775245767,0.183210102368913,-0.142977679846839,-0.303636246726336,0.0616313425934909,0.322408599807352,1.88329707752129,0.712099522810982,1.03693943201138,0.170083369745902,0.223576365199844,1.01018421504803,0.112145821789917,0.218334830405865,0.338668954027653,0.149559402415252,0.258203567210081,0.479646853033931,0.563310810617684,-0.428880038320451,0.681121959050172
-0.521933773256819,-0.501550467752142,-1.15576998258295,1.38147307820728,0.0627692365299233,-0.168598054933582,-0.0300630263353898,0.0199234037271673,0.27635097456373,0.108210859825096,-0.126806149996337,0.272444750396579,-0.976012621062159,-0.0472739817409024,0.215984764224275,0.652265597077905,-0.581944244739577,0.176205835852588,0.0990454829617631,-0.0318446880616554,-0.826716420127438,-0.687857702925259,-0.298265986664584,-0.910496054950541,-1.73722659070146,0.020531666218403,-0.173726342761542
-2.35035088837224,-0.68315622285365,-0.3788063796155,0.636685577399886,1.36277421864315,-1.95655022695406,-1.76603712113155,-0.429228993212178,-1.68154781054484,0.329454752191321,-0.194834234989257,0.117197077507424,0.0720812111255318,-0.707005143932822,-1.90177170443439,2.29345300684516,-0.0362218060957075,-0.557234095445034,-0.891448327209281,-0.752485416394607,-0.273605390750429,0.265291373255382,-0.116502830314657,0.734856593711175,1.1106804070153,-0.377191713807545,-2.45457558816079
-0.207269372559937,1.3375822189142,1.45422335877329,0.0659052839299979,-0.859410060433037,-0.936592607379257,0.134894359355299,-0.767670567187004,-0.382777980439649,-0.426548220927276,-0.723492910026986,-1.10502260388686,-0.693240198091058,-0.00788704668466839,-1.02357364485093,0.852644962862169,0.126011725252791,0.318837051698814,0.189519697993698,-0.512668363189056,-0.150828233372013,-0.138447552869319,0.265133461101814,0.297747915202459,-1.58336997084528,-0.128110699912236,0.11390756888698
0.148220728734314,-0.23734589038532,1.00954933327279,-0.499730672294139,0.682795749923614,0.918811453195828,-0.701815012883596,-0.8220553471183,0.272160704823802,0.0141916972178444,0.413002105079184,-0.224635594621322,-0.448437540892138,0.644609582317682,-0.0489448178092738,0.0877244549656514,0.510963421780283,-0.801143641634183,-0.534157054950815,1.64744039038896,-0.141420616218926,-0.433221709441757,0.542191914777248,0.557731238215724,0.0148653939203788,0.686508226508888,-0.00362197372867496
0.368232856234897,0.308120899906906,1.38428128497654,-0.319839629231809,-0.677636619357849,0.529636685608188,-0.0562490052836194,-0.499511541425175,0.116162473418645,-1.05851659366931,0.212344995797869,-0.260969305912836,-0.0805309769660338,1.46519986167097,0.2539089988438,-0.0809610226716174,-0.0539453686523373,0.568001273212384,-0.00954404435597764,0.332427687728964,0.0142573560932287,-0.367313658984096,0.0360875091402,0.450846446523918,-0.283877222532572,-0.467005729104591,-0.0123431611528701
-3.18566546018164,-1.51737534066776,1.74684457339148,1.92751232473588,2.40205237838767,-3.07943059482864,-0.384489426849463,-0.862674806872285,0.0443587332878946,1.77860922462362,-0.337795169797054,0.541010433749367,-0.784117151568321,-0.657383043800338,0.711580102393036,4.17989887454977,-0.355211913760809,-1.13222845278404,-1.60698123112781,-0.662659760883974,-0.743676107179991,-0.0374045781895818,0.331669390232827,-0.922042040834803,0.936831119042211,-0.347025956672781,-3.55174917432081
0.905917474010287,-0.331034949217516,-0.646923826972797,0.0961282652487808,0.353923696811819,0.1727237691631,-0.11944190256285,2.30983441745411,-0.165686851453251,-0.41556363563937,0.337478716167693,-0.359537988030409,0.664904416548473,-0.682145539952556,-0.487803820799616,-0.34365611149469,-0.55353891895304,-0.94818898608148,-1.21604723605285,-0.992487513622694,-0.11145322037001,-0.630304419934372,0.342329578743929,0.190432321671746,-0.330346114564907,-0.248773728451288,0.739446383038417
0.556142173200158,-1.01461079233562,0.341530404217725,-0.694009783590678,0.226317790313353,0.867431871958493,-0.941881427292818,-0.31475329635301,-1.0668561435374,-0.499643658584768,0.0313472863568443,-0.392873868357277,-0.634131994736939,1.33037535320925,0.882449181632114,-0.989499880621062,0.461381670482226,-0.59007581622267,-0.294596305362055,1.14699147492868,3.21933430876237,3.2358521982988,1.85711305450986,1.61014164404694,2.39373928440019,3.1331048627623,-0.578119423388387
-0.328037332546403,-1.13075588035697,-0.655985597507014,0.00827263072370161,-0.120113545510849,-0.459031055268266,-0.395973951620954,-0.306385275860606,-0.224692690648153,-0.381495049615134,-1.65558568756391,-0.276238258292768,-0.979128402324237,-0.45315557063277,-0.663563446117003,-0.171470695289041,-1.28986619637771,0.202997633507661,0.0444071278269311,0.938790514716281,-0.449946522166687,-0.735612976468547,0.225780241314593,0.518400520128106,-1.17359697266401,-0.202756429628496,-0.0259372064127711
1.47150668033241,0.204000076120704,-0.169941815506428,0.961743387115732,1.94563305537131,0.506997770627864,0.16369049343538,0.885800279880464,-0.278686359122394,-1.06950897497232,-0.982270170569132,1.57961896422099,-0.0985841801610129,-0.68195132429646,-1.21616514961575,-1.17852809429166,-1.76238113670705,0.154185524986357,-1.74339435754151,-0.596414000816391,0.0513580001131669,0.525828622838257,0.182368127754188,0.420629484111331,-0.886541118934331,0.113249519971231,0.845937372732871
-0.97130133679548,0.0836769141426476,-0.747990308543195,1.63246850763821,-1.6834919205821,-0.978988600387512,-0.735073186646451,-1.09240711779299,-0.178157892345893,1.13879026466731,1.0921372082141,-0.894622835464121,0.580442306846075,1.1961043593674,1.38113186453375,3.00652607642991,0.968493277068945,-0.102961373792091,0.295199663451168,-0.312582905107837,-0.441766547361873,-0.019348017407264,-0.5212660227398,-0.800250512313714,0.401671878517531,-0.967832455713455,-0.847614897112799
0.478256011403245,0.253170728082293,-1.51398731982332,-1.03859999878648,-0.206008231703309,0.560430353970358,-0.478634124418029,-0.997929372191413,-0.134568635130657,-1.57819896080331,0.289604670600261,0.832239719194883,2.5354728612993,0.491684174707826,0.0328143114139901,-0.568140910031442,0.724921860743668,0.754547280443264,0.984678098852096,1.47359470340043,1.02374119780327,0.424176279322171,0.719542894695663,0.635143969810056,0.0334284073044226,0.136446064812119,0.111532545055053
-0.123760703936405,-0.168635809041616,-0.318295944538035,0.100066898452558,-0.418843219814884,0.758205616531052,-0.41018462088475,0.0867057957412325,-0.42605843092802,-0.433034505497565,-0.0677169089359331,-1.13241638353101,0.380024259194201,-0.297715070276473,-0.422486527471525,-0.468949708112272,-0.819732540844841,-0.48699559529915,-0.929155664081834,0.0733660561797574,0.0622904782883211,-0.0850957076448331,0.784429657181471,0.662675559376658,0.540966063898791,-0.171087509057799,0.759137641101543
0.0713549245953664,-1.42259479356422,-0.591092224436469,-1.62304493806539,-1.02866379632519,0.155888061328633,2.04626488228301,-0.0447118336438561,0.185257741011149,-1.71735783049041,0.781927525496719,-0.843907529758209,0.426394415623944,-0.455981408428964,0.0895506465924091,2.01219668225104,-0.465771565025774,0.75464794472151,1.69676046709714,0.887929843379478,0.649400739436998,0.173725687583061,-1.10253169961576,-0.455795266766556,-0.403475306229351,0.693098231663243,-0.624891365109152
0.185331894474093,-1.06232314439369,-0.993582783429725,-1.8128227542719,-1.21978739696745,1.06376212639736,1.46651534082968,1.21375609179715,0.544473602882821,-0.817697686967095,0.737611856537093,0.0803437421820381,2.08154629703975,-0.608926237604429,0.314725789645839,0.147044735085577,1.09252419661112,2.52958566481793,0.00994563383367477,0.188754221660603,1.15263072182099,0.573134887765288,-0.0745408726443295,0.662377598450613,0.395525794866248,1.22518050889792,0.997056329961513
0.581451714771999,0.486042434761365,1.33138273714781,-0.798504133894981,1.21247436553442,-0.0218479376558129,-0.580539062531262,-0.448891635388528,0.491928950588488,0.53354663171729,0.065709595500026,0.439923573621491,-0.382883946888035,-1.04464906205542,-0.42644696969445,1.15203159986006,-0.764962990525889,-0.0477721832439273,-0.97022581114465,-0.410709106772189,-1.18570488786477,-0.923571190437949,-1.66557786472383,-1.29337584491898,-1.65178477887704,-0.248227123565494,-0.393009108424982
0.758247622003059,0.804542290989993,-1.40912968935596,0.428420299216464,-1.28476308209459,0.362265211859812,-1.68598868155286,-1.04796542864362,-0.981102890923225,-0.611500883361826,0.385842353977618,-1.5883289148992,0.18263035217905,0.284494912784797,-0.245076717894586,-0.190883267468613,-0.804424281438923,-0.388319436548876,0.25139540549453,1.17503886177294,-0.800509486629551,-1.01898552139247,0.13505293504283,-0.259091395422199,0.00960696428062816,-1.37269586206009,0.497676866755954
0.275927804451675,-1.54931479254237,-1.38860200508457,0.132942428663681,-0.128195886831542,0.695548155867438,-1.10272789755517,0.092779596204084,-0.75883331067093,0.326079077649331,1.39437208945584,-0.709324904985351,-1.25277341900996,-0.489279682666594,0.176170318543808,-0.479213041481709,-0.896784113187963,-0.397932875121333,-0.633286850994208,-0.76509484478736,-1.09498857960285,-1.31805733186336,-0.463938583510779,-0.807202933921442,-0.75047848502363,-1.06229261253975,0.0816313905014796
0.31388214681557,1.14728750144277,1.07471271011843,-0.667243153858883,-0.531520566462189,0.200765106017756,-0.431764954275358,-0.510056129637922,-0.874873376881517,-0.346771598321782,0.466917819865827,-1.30534566316044,0.072325586126479,2.24779184790911,3.38436854591451,1.93589171526474,2.05352569458332,-0.0280419847077848,0.844419672090405,-0.847835957720933,0.194514020472928,-0.171241217878058,0.583644775167017,0.401053451270143,-0.279505424261484,0.379674990148894,0.784969407757293
1.01581529211289,-0.937642975955429,-0.295234663198916,0.210187867619401,-0.703309938847109,1.0364705579078,0.214307619102928,0.000599011939789643,1.28316304790854,-0.919513644284378,0.15282168326474,-0.155845366752569,0.0770298048947139,0.616827032713173,-0.0451943990375645,-0.510717743760143,-0.744381886213488,0.138783890414777,-0.502736711042665,-0.142501013537674,-0.899987284492833,-0.948427024552151,-0.368212867575344,0.582843136762065,0.270993459319644,-1.3984887801085,0.568178231512622
0.335930076108316,-0.376152779974847,-0.401479299360295,-1.06335712178166,-1.39173524663317,0.604644876067777,-0.768646977716665,0.0612340707977485,-0.477629154314547,-0.713620885268341,0.342939940975702,0.699096053285054,-0.922769417730775,-0.523626721447141,-0.748622943859371,-0.977518108945528,-0.802723363727154,0.323741918656332,0.492348066083781,0.459209278025903,0.285154085683743,-0.569367536299552,1.32043195765863,0.734707613248153,0.0394057548820855,-0.599762390741838,0.429194584485674
1.34642028871703,-1.7053439355937,-1.38730746643682,0.630496296651092,-0.220429664255918,0.640095287584808,0.694239241887933,0.0844851084049357,-0.432400846010564,-1.28857699952176,-1.08806247368915,0.766487293370305,0.18626543031814,-0.727786219135076,-0.746042655744435,-0.383595350413137,0.165541052874296,-0.87910812513542,1.41165264661835,0.510545776849225,0.132162711731653,-0.166526627407364,-0.639176038355357,-0.166822828656783,-0.298163543432478,0.569359867385492,0.602003066980466
0.926130924431646,0.0549314074554964,1.23573482448869,-0.0172079146966553,-0.911390608534747,1.25172223945132,-0.328889492941999,-0.310208975909859,1.2070065581908,0.811700654774206,-0.699770399308279,0.85778123901367,1.32807707536911,-0.584552172764402,0.807770843049837,0.73429869175119,0.857338304604861,2.39967841374195,-0.857074558699249,3.14591631093444,-1.01293038053402,-0.757117281982835,-0.249778327488908,0.103117355301835,0.597773875351172,-0.0403464529369173,0.902596574051929
0.668905082682946,0.06570314416615,1.21636482763657,1.22875860425101,1.16554924269017,0.441222636780652,-1.33869128696874,-0.349181303334936,-0.0893450776993953,0.292010491625095,-1.21989906517269,0.685385973006738,-0.811242776673468,-0.941811872152679,-0.162417488166112,-0.2445595025098,-0.127799215697334,-1.71721373973893,-0.0123512598191534,-0.508676699274369,-1.15469076538206,-0.934315325184088,-1.19458574425504,-0.666031530168811,-1.22871742338018,-0.457610957630005,0.658474930749241
-0.591643970369491,-0.483558804525295,1.72014009042942,1.02765520807691,1.82796525915168,-1.67722743057491,0.894892945040818,0.00833465127020114,-2.26115428250765,3.67943362838318,1.53483963696682,2.18090391357,-0.363914337439503,-0.849171004194968,0.0423853801193923,1.21446293648521,-0.311158145026,2.22500072491623,1.2135246427564,-0.357971560349672,-0.476915886175608,-0.78806680446052,-1.67236582846462,-0.805837279677067,-0.435974896651614,0.881659835859534,-1.16150937025439
0.594197354930586,1.21358199398923,0.687264690211978,0.325855075379317,1.51139421257542,0.242506755725562,-1.22913262915207,-0.28934039756413,-0.0891241621178684,0.479543635060565,-1.83294931025654,1.33387676727905,-0.72736105759832,-1.29343931751418,-0.180449501620491,-0.661945569859637,-0.989824312021711,-2.11355416926152,-1.18932020549719,0.135673022053378,-0.52807626572104,0.735010511936786,0.454497594122391,0.591786930558863,-0.8683892079842,-0.320276480074232,-0.533616347554387
1.16177600231448,0.376804141375085,0.498927810374296,0.959171218492857,-1.15687191649069,1.06013597394071,-1.00113857674929,-0.266192305727499,-0.193455702507535,0.147251744285547,-0.188464488494149,-0.880569003901859,-1.11112144971088,1.08407105814852,1.05540049337325,-0.145520700318081,0.313929114048997,-1.13663251495729,-0.116937580919095,1.01071976976173,0.44946173757671,0.145550396912961,0.769419001000137,0.832513287222581,1.1573129219069,0.381109827974104,0.774374428524596
0.761005037449491,0.0411893911867556,1.10472196531409,-0.557202564961506,-1.04181741063142,0.57325002979832,-0.641966080975824,-0.132053966691981,0.527156671814752,-0.247528325990311,0.139340735630997,0.401071684319674,-0.430995275199527,2.58873743218534,1.05998500527978,0.00900999573670875,0.970092139718008,0.761493115642212,0.400908870736379,1.95618898547489,-0.307552932317959,-0.724949021832453,-0.876739342092628,-0.830915657619228,-0.989112198838451,-0.425395432173514,0.0458207770006317
-0.376759268285825,-2.20018177402082,-1.70372969876427,1.05546678131175,2.93787991249344,-0.865432773455434,-4.57021799268105,-1.83804186328207,-1.36960550768354,-0.156681361930717,-1.96776383393667,0.341234978265332,-1.15929387177261,-1.22895971969036,-0.536199224629753,-0.690481105034265,-1.91138152825799,-2.046335597463,-0.868244936896469,0.500976357398122,-0.615251794999515,2.10770201393216,1.27647989243702,0.814350085772392,0.207507789923355,-0.305210682909531,-3.95140261492548
1.48021190926247,0.0819054823580052,-0.802545865841031,1.24998703341668,-1.26241778550209,0.996978213295292,-0.936594837394571,0.185680800862276,0.240650541501726,-0.0779260173044385,-1.21096526858287,0.28515555368668,-1.58572824842558,-1.3692805312196,-0.662903372413182,-0.965693992160461,-0.937095862956881,-0.149443104272008,-1.61027093674872,0.254259805638045,-0.847392501782576,-0.977452224388737,0.0322769931311665,-0.00325469529640055,0.0704531924283378,-0.255298824275456,0.468493839478467
-1.03134918556694,1.18745784847834,-0.138632473640246,1.63605346765634,0.614682214636678,-1.06705230290627,-1.65308557726078,-1.16971792082729,-1.35969993806024,-0.0392188022906322,0.518688414002374,-0.413658829712159,-0.438723634604484,0.843331041634933,-0.86944643500876,0.739080890095373,0.634926304613986,-0.122641240189111,0.0103550194220546,-0.762028400985349,-0.149251682145809,-0.207915600213014,-1.75968372567567,-1.91512097726721,-0.265980972300048,-0.0527817140887336,0.967311290033175
-0.741364792543485,0.99331608218168,0.255776465509229,1.49765471969177,0.910781166079468,-0.492470724351626,-0.305115619265253,1.16625397195451,0.218544730730882,0.80435680854198,-0.804906547876504,1.01962414002505,-1.2285344736035,-0.940937901700247,-0.586064792618401,0.471493244504791,-0.421887888062142,-0.853438734182785,-1.23347536538673,-1.52615447461406,-1.11876607350626,-0.00480334544495311,-1.29470820943167,-2.11798270774984,0.503383938410491,-1.27649340216032,-0.891847374263055
1.05170727003131,0.338959916884998,-0.164800647733954,-0.685971756644193,0.206349652932818,0.435469868597539,-0.0931817535473909,0.145443711113216,0.878032376624698,-0.58702139592107,0.537807748173111,-0.24090382398947,-0.479503712887559,-0.949386282740416,-0.239376081361588,0.159867332843605,-0.31711135701719,-0.282370283695356,-0.2942293204239,-0.410603367330741,-1.07444172345806,-1.08473321163004,-1.30195898888206,-0.696473204779791,-0.0902704743027801,-0.564916329272463,1.03577275702009
0.620928332770783,-0.182431505061406,0.433165247068837,-0.868515348598864,-0.636274049069599,0.728439812436672,0.0975607771111828,-0.0584918603598171,0.312015776080327,-0.80639346505974,0.907051151181131,-0.532492849150742,-0.217319883746264,1.19118099248537,0.17545023813964,0.17630022759334,0.742356267289297,0.578631420995122,-0.534902721558221,0.566323332213391,1.2791941866525,1.45460294556497,0.646155750343549,0.50455017893204,1.78608489079074,2.4042414103612,0.158004746695365
0.155558644219858,0.5939387343714,-0.0482921694368804,-0.0995173106286598,-0.410443923932596,0.653405311923544,-0.6588910590829,0.108647951408483,0.00259618663388573,1.56647965352077,1.93857658002838,0.244624879044661,-0.0892673832498983,1.9133524881121,1.16487671748695,0.758104580211791,1.16095211615557,0.363370928394678,0.739821654259367,-0.449304002900949,0.759216578127849,0.170021366498944,0.249032102564857,-0.424583859763292,0.161222973607697,0.43837352232211,-0.136296300214911
-0.036993271603455,-0.842263004965165,-1.16039333489633,2.9948819229596,1.30481907705536,0.0681787947642882,0.186363651752714,1.65083442050404,-0.0335413267184513,0.924735077832651,0.87187117251956,3.32231806058923,0.138856680134371,-0.348405356517484,0.0974715310382594,-1.11704268700931,-0.434134495586877,-0.727683884584439,-0.122559322302381,-0.372748647292122,-0.229474878967744,-0.232386569798997,-1.38958542989951,-1.74813870829589,-0.175073134333181,-2.44691111386698,-2.09717717278671
0.560429954219359,-0.42890208200642,-1.3492110433746,0.506148019788972,-0.0614769516156276,0.758296951950073,-0.423519452120628,-0.401154210927472,0.0286262182722811,-1.31648673361026,0.287171851415917,0.113639651429377,1.4916861385033,0.518932631258071,0.474343612569789,-0.029728963948979,1.01137341258263,-0.227583750260175,0.425910633455288,-0.377163268972603,-1.18932320215442,-1.15272594494889,-0.439656185947141,-0.382521709036539,-0.776658142506636,-0.797735847815397,1.29234193977495
0.459101089473511,-0.702454093356042,-1.04665886798728,-0.484940702712608,0.600609432101825,0.864091994695785,0.0202897698372464,1.37405736309275,1.40948875356011,-0.644626151557931,-0.320831050961826,0.951873160224038,1.87657676499524,-0.980946326855988,0.543531338070283,-0.689692830581927,0.0224088274289596,-1.02519715893938,-1.31527937849333,-0.837156274134618,-0.149148301737533,-0.916675700974009,0.969509659450193,0.516514799917396,0.716093655459914,-0.506258792465682,0.0391328264555128
0.440601338569272,2.22088252243814,0.30544976276414,-0.00571353616318215,-0.664324527770826,0.154265835229603,-1.32511974275234,-0.964514645722538,-1.07566901243486,-0.216967946764909,-0.257653462309475,0.087898276212947,-0.79853527662421,1.70728967699442,0.198972864675801,0.326166966471798,0.43796003359117,0.056641839366347,-0.79692411903516,-0.808791668966017,0.716132792978955,0.199752151303933,0.244553589214969,-0.683859525577199,0.0922610516402558,-0.494677601447919,1.37984939104068
-1.90654373284125,-0.000779227508988677,0.265947840598656,0.983606820410171,0.84962478341956,-0.741107546370134,0.830704275156873,-0.339975010139427,-0.481168554491697,-1.11199725731376,0.694507549826933,-0.243701799556473,-0.718655198189573,0.495465553532012,-0.532148772356307,0.0660206317112846,-0.688931968809828,1.26219723563595,1.42276454116009,3.92542747329393,-0.00662548637846059,-0.0276546768080106,-1.36737027583874,-1.06791874421124,-0.254522258936881,0.64454605268258,0.102022042085664
-2.47067447148924,1.13279396865933,0.0360747635776038,1.87233126974827,1.19269640089085,-1.7167606716437,-2.06847740590741,-2.71730168960775,-1.32910431773696,1.01420994323315,-0.490608517567173,-1.15344077165226,0.273049102529537,0.601882137976599,-1.31916665076197,1.14456926837793,0.382731235490041,1.55437530324388,-0.0955077074587993,0.0757716284727142,-0.0236315635398116,0.0210948300998454,-2.52194119938556,-2.19818385701042,-0.369058260425032,-1.43299321352425,0.434002914942949
0.105423817921108,-0.489414370702307,-0.00131890993298084,-0.391538829594454,-0.627716275906512,0.175395670973267,0.261243857923414,0.513871917397374,-0.172789406171156,-0.644782071860101,-0.189342726125012,-0.0749039307071165,-1.11130473096159,-0.646215643574828,-0.227434747992465,-0.0181297681409794,-0.799321528303617,0.24878729707464,-0.383225361063507,0.560851316118423,-0.0727889476749021,-0.52361676550741,-0.558368415459336,-0.430257532396741,0.0901390676841137,-0.469021334620957,0.423636903827266
-0.105712166468856,-1.84500075457485,-1.30760087255422,0.517401257514051,0.310310749136238,0.36007043537289,0.168819274679948,0.698586042853587,1.35240701781721,-0.0578434823848887,-0.500450835844083,0.504277011662567,-0.590816525819037,-0.629124665838395,0.00641136326115614,-0.510003041590023,-0.764112531670004,0.0870172853269643,1.78214660410207,1.64953403132964,-0.108842865061049,-0.92373155065804,-0.351196676652413,-0.686317703217074,-0.0798497434530993,-0.0306783790194338,0.437666404815159
-0.111056083181154,-0.00426841132722366,0.602564875830931,-0.577458392866648,-0.282552758328693,0.263268523362724,1.83085607001114,1.83275430361657,0.864373617551804,-0.333245512108498,-0.0589799587116605,1.09089257482457,-0.350595899887877,-0.945987508758739,0.100261842604411,-0.210390432582465,-0.782652534728283,-0.0791291059174394,0.0543347283451411,0.0572407913588374,-0.145594600203057,-0.484601123959115,-0.437172408305625,-0.420871763226309,-0.100389525505684,-0.791586542850213,0.366582212124275
0.28850708814118,-1.53857884233242,-1.1211873072789,-1.00258963806623,0.116176080158815,0.653388408054949,-0.800050899798791,0.571080352749657,0.153676314598257,-0.0486909606474851,-0.827771010335173,-0.429967030159835,0.563977541157253,-0.63262054764812,0.572964624590658,-1.09723072244056,0.0535356215543269,-0.633613116563902,-0.69165353916607,0.331053074990132,1.48112196911699,1.36436824971941,1.94901282724595,1.45160160131357,1.88267350990284,1.59974150688834,-0.107352648696119
0.914953137022766,0.317353817087466,0.980440707107773,-0.476179253340939,-0.988252089721727,1.2720750425257,0.182528901468314,0.98389289268245,1.09481469888423,-0.111963419268241,-0.357959303907955,-0.904159935039649,1.95080567153297,1.25077606655837,1.9576792418061,-0.525479496670921,1.2719540060256,-0.527487801223452,-0.120300391109357,0.735347829369068,-0.50252838232591,-0.601728228714043,0.629880064555977,1.03764696976631,0.73956330933628,2.18310557125212,0.725978894701374
0.369941998040536,1.58620893252638,1.61115842969852,-0.999856708904425,-1.26780601304922,-0.488708250374045,2.86067589175706,-2.33406399890207,-0.537632676780861,-0.560491556506774,2.8333190215401,-1.89690564886014,-0.126168008392935,3.26732693458416,5.91350094880443,2.09086647259435,4.64905808603388,0.975178212288112,-2.10365367531573,-0.63170453939988,1.00129472665641,0.68424848426678,1.00486877966357,0.956614012920522,0.563413074904727,2.02575168975414,0.360108658997814
0.366136308953313,-0.29775350356666,1.25241587963535,-0.91521628515794,-0.663532141366836,-0.359325494862358,0.321258488917548,0.347658617564085,2.01033162658581,0.939461750372647,-0.216245062748567,-0.359378103712295,-0.155248633505659,0.137395974857816,1.44457994914602,-0.130049500400199,0.832538924367273,0.282293402088696,0.903941412458053,0.286060942653729,0.124745167437872,-0.0690596856356699,0.893098785795364,0.845958774010383,1.18390163653808,1.64360654897332,-0.229109567210337
-1.26196938654119,0.69619866012121,-1.66230446203642,3.63406582574408,0.115859125597219,-0.993711324647613,-0.531302762583405,-0.566367466132495,-3.34544596362299,1.03315425994685,-0.572526889687302,0.935125277901547,-0.748866057681679,1.27816047406788,-3.39653861008687,-2.34738145221812,0.370178462777188,1.38659311747798,1.42437284168587,-0.663109153510131,0.195405676494306,0.0146162772081436,-2.24903420262523,-1.53820040581968,1.51303924438595,-0.560304350548575,-0.180670321292048
-0.428694390619848,0.965849942894548,1.53535394516841,0.231970920644374,0.0841636694376395,-0.85125533527904,-0.0122148676042916,-1.66737248223754,-0.827649702034711,-0.245072581231127,-0.301979225954513,-0.400548315626772,-0.803392229768037,0.445254008883277,-0.917901845539244,0.150970341858219,-0.0689304536930195,0.813989536747305,-0.788063845229512,0.579435022953025,0.251941837270074,-0.195006602495638,-0.237297730520049,-1.04842713363243,-0.428954453346112,-0.0791212370229378,0.708806285925392
0.581983827587488,0.998505124783158,-0.19402023435449,0.0754705359963148,-0.964005065759648,0.165226085512123,0.101770322948071,1.12654631759688,0.653244833830268,0.184370911021747,-0.00762829401971999,1.8895547148859,-0.922311214603999,-0.683310833889131,-0.0213117322993193,0.0343477642163527,-0.246523271978789,-0.288108147555356,-0.861519316515944,0.905773374123939,-1.12225516228557,-1.16266827859457,-0.932848033286372,-1.14638178806988,-1.46637962646809,-0.508752677257117,-0.233584853133774
0.0704889594138425,0.350447383609649,1.32156458617513,-1.13778925130611,-0.146579251404098,0.127574081432123,0.253258740047255,0.559462187215389,0.627138788228337,0.603079290470187,-0.159644161642274,-0.896277638156606,-0.606761994630846,-0.860921051388766,0.230626399109028,0.433892553128279,0.219715281994129,0.0486138631762585,-0.442717859603413,0.100356048609527,0.870195446411802,1.04159519871897,1.4164970717811,1.27573016471523,1.02830652380217,1.14414633457894,-0.609904361086477
-0.202996518045839,1.14764536644977,-0.174879555777114,1.47388627401101,1.02215899902423,-0.825354246302936,-0.501555831364908,1.05389601666108,0.923260684928681,-0.139459964555994,-1.21742586724669,1.0027963155435,-0.818665667327241,1.59668386084785,0.619019767107249,-0.499802770176772,1.04823229939666,0.157079622985919,0.430764776860363,0.163350320852563,-0.637168441553961,-0.932391002542988,-1.67683971365741,-1.79221209527345,-1.16055827606603,-0.670513560646815,0.0843186435838788
0.132097824367784,-0.791329867844109,-0.911287112251634,0.0263581913532925,-0.499825110302609,-0.115528086836754,-0.575607542103793,-1.15363485015858,-0.404560731865465,1.08624512283588,1.16572746486915,0.164762662146481,-1.18623316093953,-0.647672260995546,-0.0298926904489904,0.0227590787343843,-1.17760562740098,-0.367960086273698,-0.784481721331189,-0.6478298042208,0.90489249593933,-0.284664001548869,-0.215236848362487,0.309206995816624,-0.6947444485852,-0.830327164130871,-0.331687283632203
0.153462096938274,1.18298453589086,1.3555795138151,-0.309631335009773,-0.410919355774989,-0.174637098310642,-0.0570711883692871,0.0478070010094108,-0.495991277381237,-0.479966516450861,-0.365626217478532,1.28391291786827,-0.150513867862306,1.61241532899161,1.09338473469312,0.647430847103567,1.37626618653524,1.1718510459105,0.196683945790344,1.18968377441358,1.88456401241287,1.63707684000724,1.14679893060733,0.657659883788226,2.21252696776001,0.690959640047574,1.43374015967221
0.721068090591054,-2.06043548878792,-0.041671528924126,1.08086694646264,0.00888696105863843,0.756677452281462,0.0563253759048526,0.725793139357885,1.40046209539019,0.639946645918383,-0.206352271044595,0.827722987208148,1.21813887181796,-0.491649113670963,0.548451887498766,-0.700413363133721,1.0047058151525,-0.837206619315678,-0.0583194130286561,-0.910195793315278,0.245868238283877,-0.348519441189357,-1.6233073632471,-1.5064179070415,-0.862713540053314,-1.21042253658996,-0.029071988087514
0.367241553987626,-0.631083285685304,0.743392187296362,-0.207709153328346,-0.344992806963064,-0.845120866837331,1.09191704915909,0.387292739228456,-0.860216934537211,-1.04463968677614,-1.38777368357783,-1.12235806107843,-0.462733478447553,-0.342627440748633,-0.821081034528796,-0.730893308624115,-1.08337478616899,-0.644208031849254,-1.32102539764452,-0.37370030226516,1.02243602014879,0.794653288595466,1.13589190705111,1.09740055047701,-0.275133625990396,-0.308421986613572,0.196881451435852
0.804223536574754,-0.857194922382175,-1.54579598373935,-0.420475726601799,-0.689522415417692,0.521822736028661,1.25714270956103,1.45950235265489,0.444206434105976,-0.0529319928665205,-0.710470765845228,0.291590897490787,0.57421074432192,-0.514954992402462,0.199512924978927,-1.48800464427947,-0.171002525576259,-1.47717976826224,-1.19589961673901,-0.928964544172414,-0.865445305577719,-1.09676022813691,0.751754868083768,1.30665602583103,2.10479154136022,-0.325742528932173,0.109919360594279
0.569657496885218,0.421805666005141,-1.16002346671126,-0.902676963121424,0.883427987413751,0.222999146080928,-1.2212027443047,0.387072141148691,0.0549199233466924,0.258339502371393,-0.501561251239427,0.6532092539862,-1.25953038778615,-1.00298980382286,0.0559168910477197,0.0826532226556117,-0.390931185707952,-1.25876345053879,-0.584803900598943,-0.979640171486682,-0.51620044132037,1.00584609485394,0.600336995093228,0.835815687486251,1.33105994559294,-0.185230910477722,-0.013727377496631
0.193763660715246,-0.860988291456359,0.407903250028551,-0.542091074302114,-0.445625880269729,0.0556781112952948,0.402648302052507,0.717410412326831,0.932572395461854,-0.377105893109036,0.285788879514443,0.49348482018984,-0.117034492732531,-0.439744979579353,0.529189736687266,-0.0465670317672155,-0.0642529299856555,0.851990301785029,0.169489045990829,0.245245518254547,-0.968218353954789,-0.723265239521491,-1.66820048707823,-1.4468257218324,-1.61727058200003,-0.563208189004356,-0.073642297286782
-2.99754591877428,0.613710776008065,0.771187781404378,1.87096480516736,2.42558625458616,-2.67946325242922,0.143577780523988,-1.45618658720957,-1.69463646489121,2.18595101404384,0.115821128089076,0.0187483086284369,-0.423786212671583,-0.814600617409911,-1.42750874823911,0.652791113379464,-0.668350864497427,1.51521689900633,-0.667499789451662,-0.0316860788994822,-0.643164505233951,-1.57671836687117,-1.63410639647108,-1.7593122430226,-0.861946557900491,-0.882664581945658,-3.16000554139477
-2.79427198669026,2.21962999491365,1.58055183738397,0.30053529049789,0.794173582868376,-3.23265598435043,1.63253004450002,-2.80936462156284,-0.531789103334023,0.512216734380376,0.265220957987054,-1.46334734342912,-0.212829493103858,0.0966883733401304,-0.857565108339984,2.46082994889155,0.0349786093189303,0.746544470322737,0.0415852914498847,-0.489379251209989,0.0805758880020837,0.324448258447186,-0.206211942025303,-0.851772922442411,-1.57580241360409,-0.751137781301448,-2.56968410516828
-0.153066788763766,-1.66714184609661,0.851708085294134,-0.353117060790256,0.351673319424489,-0.0732411510452407,0.189594783936792,-0.987649501674383,0.175663353551076,-0.0486753686172681,0.243305395957134,-0.199333901279706,0.283129571318612,-0.592223691180187,0.319016268720674,1.0321087798444,-0.422738346918027,0.576791781310183,0.198745494646114,-0.0073660073662914,-0.800406106221275,-0.656972324535611,-1.45854497062979,-1.08095453472573,-1.03364829584567,-0.622719795945191,-0.206658202573034
0.885020366866672,-0.613290237537341,-0.41179862172375,-1.14277282801293,1.14291868699223,0.628747884182856,0.0969058711984149,0.493871024832052,1.23959754505691,0.379700069565738,0.334510878656502,0.983210486574475,1.02144754293053,1.36428540676358,0.475633756627257,0.166399500471977,1.57578043229028,2.01851312416489,-0.438024546250916,-0.148528161700247,-0.977393365189256,-1.07655484040537,-0.972187368602304,-0.843082395432752,-0.969528587869719,-0.692685221326839,1.11620301194178
0.977610275617499,-1.0308757569037,-0.676420814732136,-0.174351341500434,-0.036279063968762,0.647938955255898,-0.726748780164882,0.43061820209422,1.3877535108615,-0.159643847671955,-0.590848743710473,-0.194337516338629,1.48010887283342,0.0787525574996807,0.395224778161808,-0.577179790418248,-0.0284996396842776,-0.959513717384112,1.58812707703779,-0.618090586313366,0.737131938409955,0.225570146738685,-0.0599467506016347,-0.113922349245125,0.465648416491627,-0.390105254234431,-0.661776047231626
1.50858366323608,-1.00410745438022,-0.489045592175636,-0.112940815629289,-0.342615647751096,0.001503938878959,0.0392504795767817,1.13272306383029,0.278218067543086,-0.619055222001982,-0.934068047725802,-0.988075219402031,0.174138320896132,-0.046361168157252,-0.430437415267549,-1.25094424064642,-0.274418322451796,0.00968195356476312,-0.695030970270203,0.0387363891053226,1.88314253179908,2.73841479557456,1.43772488566139,1.63751680412737,0.786144692084363,1.6374914068135,-0.797137834953094
-0.00119244791466584,1.10962220945618,0.596591504642049,0.242500735944269,-0.378906945053814,-0.490453165841908,-1.3927407508538,-0.812863760461442,-0.344961033580436,0.371553233777334,0.375046087929253,-0.687420753403668,-1.00671223055616,0.485191545324543,-0.136794627117794,0.367204534460503,1.10825768544498,0.281523320360117,-0.744610489205771,-0.32117423472554,-1.17136085621652,-0.926778394839781,-1.89004348387944,-2.3384737930235,-2.19204700732516,-0.349656492685666,-0.576891321669862
-2.50554096432427,-0.448933575773159,-0.337418129706158,2.95662091469434,1.86402201007882,-2.39973149148729,3.5656465999047,-0.755214128949631,-1.49695265097013,2.89172426181823,3.38337842965173,2.01550358648058,0.537126837928173,-0.00675088509650779,0.625470487394589,-0.73273261567957,0.783756604393747,0.774604637883705,4.09532138758662,-0.393235664072799,-1.15275238272689,-1.06837646918069,-2.54446489725272,-1.77085822890686,0.567912703534619,-1.27099319049702,-2.33613662581492
2.1952826579058,-1.58823261205345,0.448625737204766,-0.505196530617749,0.00032918789555226,0.729473129565297,0.0171296515473238,1.83098951897846,1.98341793262131,1.45359335474938,0.797019080187982,-0.409142097725425,1.17341824664461,-1.27838760416675,1.51764710782397,-0.19750477286825,0.704357765608384,-0.63159983099899,0.743710817348975,-1.25440411009101,2.23618662606056,2.22394713747658,0.427628056742094,0.450464063335493,0.322130716055493,1.50569130372639,-0.83481349784343
-0.346518852604715,0.591433679322411,1.02617675753261,0.270312309179107,-0.510918519958462,-0.185529187832699,-0.542191559687258,0.264154891103864,0.524306148182148,0.364505636119231,0.32413858939545,-0.778662736643645,-0.880889651943438,0.926649558100044,-0.242916476682082,-0.73982708575061,0.500009511716493,1.02020031073347,1.24900960072061,0.130544659143118,0.0939894959758544,-0.0380299830479392,-0.164080285261455,-0.393831809187682,-0.232806437583302,-0.121380627255896,0.824185401616627
-1.31757346661798,1.56393183584072,1.53951496225045,0.314762598193168,-1.25750498979735,-1.61465585246948,1.29927762009333,-3.13555564884141,0.0826483919828476,0.901066375963182,1.67015889491757,-1.9387553691266,0.405164337416651,2.12077480882244,0.199422914928406,2.74292709956816,3.43987568473751,1.4793049177422,-0.114052874612404,-0.625888870120204,-0.156914754909245,-0.0706953598806046,-0.229568708169743,-0.351359962187616,-0.944882894692358,-0.509538421780446,-0.489592023237779
-1.02018279243676,-0.312417022228422,-0.831580518369032,-0.756867154312189,-1.4045719063778,0.713972009420703,1.78757704673966,0.970215811737045,0.018884553757857,-0.310309635659229,-0.424135014127734,-1.24067645359109,1.00143933972797,3.22576478417966,2.0153456808399,1.66167730911151,0.31398014158035,0.566440976899577,1.23291197454896,0.885841489410867,-0.408697739264687,-0.6767287036509,-0.877541555989267,-0.244888591280698,-0.888177347527019,0.26897383565344,0.00885096036919653
0.547392620525943,0.0711158523970017,-1.50418581291896,-1.1599742056784,0.11348196638525,0.7139420186861,-1.55836093288994,-0.802922140333385,-0.291679996014347,-0.00457331114836537,0.0168563654476088,-0.615033128377339,-0.449048478394506,1.49918760148774,1.37535621962531,1.04571965205477,0.617781054079357,-0.343045677407906,-0.138124747209136,0.998110341368977,-0.638680380024993,-0.882839694534674,-0.496011712186004,-0.456217378078454,-0.493028142392899,-1.03697797376641,0.515224150632503
0.976824070386905,-0.0544947650594573,0.770559005489759,-0.824868862279451,-0.283820576575076,1.09033119082601,-0.0753603828352548,-0.124421273132126,0.845678933394642,-0.157881948257429,0.308047660848379,1.50039628459527,1.73942129571359,1.38673673660826,0.161168643456971,-0.760427324771704,0.907481358747802,0.00454807537423622,-0.42963214168913,-1.60202252385347,0.955083684157178,0.760905480277183,0.900118157390952,0.458353820356406,0.456352592799419,-0.289393304026864,0.811321556497164
0.882411077043396,0.667658925813083,0.542923630988381,-0.852198153897499,-0.380967149704187,0.717420943900153,0.716726975037195,0.450530855427637,0.608562875889201,-0.833601557788478,-0.411668077643647,-0.718718108674576,2.82780645618246,0.330586172289459,0.367891726153591,-0.723430977141984,0.113390915831467,-0.0767634953786672,-1.09848046761849,-0.646296582319795,0.194927542106031,-0.0697652706040731,0.784877045700751,0.594266213764333,-0.280211047842081,0.490478633060435,0.735470663915735
0.0986556163707767,1.23344350187765,0.841536710204707,-1.17677368199656,-1.53658348128245,-0.767008635346238,0.594898694396984,-0.0980524493309327,-1.17429713012296,-0.721027099621436,-0.711126920397022,-1.34187523274165,-0.0764376957001671,0.73080249049301,-0.730590930404992,-0.103421589400228,1.15556020700927,-0.24575365248351,-1.2694281925948,-0.849369179621938,0.0793353231027754,0.0218164510902579,0.97666787575866,0.70984029096194,0.375793900681302,0.418422443990625,0.0374405439179524
-0.218356005739183,-0.489025192507196,-1.09252252293597,-0.139385924283225,-0.98048670296263,0.450315282226474,1.17322795796721,1.2190504457115,0.578561114656044,-0.503362357791532,1.6924176762515,-0.368291654447177,-1.32616839585696,-1.06970288169178,-0.728130655690751,-1.06864263563577,-0.847117316004317,-0.830839603716643,0.316502334960788,-0.333519314514671,0.409494871737329,0.0421501269978768,1.24709109487747,1.05751103150267,0.67835813354105,0.10747600586503,0.279220467842098
0.63851426252294,-0.227102004559989,1.24072249696436,2.84658032579696,1.12001871991693,-0.182380160699288,-1.24712281567148,1.03727762798548,-0.0656619771851771,-0.374470840002356,0.340779678297488,1.18942128586262,-2.42249879854413,-0.452456394270824,-2.00588332953704,-2.03275484247503,-1.65964570691622,0.614525786010556,1.19352323258128,-0.747938620412315,-1.17342846438203,-0.627161359620576,-0.851670157822671,-0.513314140531918,-0.405224025537786,-1.1485878588845,0.439248366350886
-1.86358730212619,-2.1684212546497,-1.62864645719504,2.41811329941459,-1.28365374112901,-0.82126460067513,-0.448465055050941,-0.199130489479065,-2.07009793603237,4.53629364896072,0.368317980102012,1.08245867704403,0.392120821741091,2.47502416554123,0.563423559235429,0.217495450472512,-0.78826556317712,-1.09500783590272,1.86943345991019,-0.419141827227719,0.868903191308356,1.20881883623053,-1.14773336725328,-1.78302496672038,0.648701490298582,-0.171497462722144,-1.44547146591735
-0.71937383464426,0.341858623441686,-0.502471807293679,1.0043449299321,0.583018453933258,-0.406370051734219,-0.301493910663319,0.489164932463741,-0.607399242688843,0.642916927674729,0.0511833431918478,0.811894439714816,-1.10831113719998,-0.723610582529015,-0.144235457960865,-0.465202776882159,-0.92791090731333,0.143791938257497,-0.722006556361658,0.474171408990887,-1.36674982785757,-0.87947212991275,0.409996320925396,-0.243982293463976,-0.41902970428859,-2.62513846944123,-0.298549352515399
0.675764438462911,0.262215766134179,0.59596272872743,-0.617568147329607,-0.69189957462966,0.682406761250088,-0.234946001406873,0.678438084901755,0.500884345667586,1.40112617306904,0.191968873293312,-0.876356052119542,-0.628297541589323,0.168256842611443,1.59886917707912,-0.112397407830848,0.858001662512451,-1.26513046613783,-1.32051366565905,-0.692028890746338,1.23590364068705,1.70356218725723,0.862846065577896,0.721386276846203,0.555743253376503,0.917373632585108,0.678749016746582
-0.687241968698243,0.753725459996212,1.32113738842137,0.150706468215413,-0.013458335533865,-1.53449879816448,0.0712698554082567,-0.796289491401796,0.14594664468118,-0.1372692843105,0.477688849200661,-0.402986551478018,-0.708024885648368,-0.65680039683205,-0.206132369369156,0.223638736037731,-0.533297998182992,0.0721189721466119,-0.77168842169432,-0.689781927615554,-0.854861736280495,-0.63016009573629,-0.68423886128,-0.824708138326614,-1.49685438400691,-0.915665851925478,-0.877713796858338
-0.832177193816448,-0.0899323473774797,0.718056216619062,1.04011414984396,0.63640944983407,-0.57738539973697,-0.4508203492071,-1.04828308987848,-0.937181072617519,-0.178190567615126,-2.00889967699145,0.438284759360818,-0.280002071489237,0.45529204506859,-0.416185823935054,-1.51958817400314,-1.10055405505785,0.179326428478202,2.01344946153665,0.376071642186897,-0.0581993875569953,-0.457676643005731,-0.989326977047794,-1.02992872614044,-0.163287175251476,-1.04199990615464,0.402800805179074
-0.426392746321588,-0.0200949912617305,-0.244803136164611,2.01271595695446,0.959132584450906,-1.38195501624732,-1.13930005304528,0.527696063729289,0.907036454586443,-0.741998380263357,2.00828038279973,-0.239904547001254,-0.0352910549156718,-1.0502813160822,-0.760744297329536,0.160697648600067,-1.94778116728984,-0.425137396317213,-0.961906511152218,-1.20787875585361,-1.4992059759608,-0.587792925588081,-0.816789280509211,-1.40374553794166,-2.10353726688945,1.30580472955256,-1.89622642718268
0.751183169206417,0.354884909696429,-0.0808405697230471,-1.0346613655827,-0.750853123086477,0.575442079854824,-0.159762013577842,0.0744258359676707,-0.363489437192362,-0.0273220832350293,0.248337596635124,-1.5063402365701,-0.56350761946318,-0.396920427410222,-0.237605883701341,-1.34091263147324,-0.242611161241721,-0.204607128750611,-1.02192536259147,-0.74873166622318,0.123750131008219,-0.0999450640253183,1.08493589742423,1.05248294087566,0.868671971728057,1.25387726540211,0.999574979248657
0.0695546285600931,0.527823174328435,-0.162230063847717,-1.19574342559026,0.583113540301737,-0.0432776807455159,0.770263560797805,0.333981536618681,0.17724064329445,0.00139064040965311,-0.236237587207459,0.424494736923444,-0.231890743177745,-0.300803099208397,-0.301453012870921,-0.187204653357703,-0.545544605707727,2.30017177469615,0.213424892172304,0.200147646476696,-0.423920504383282,-0.460659343099435,0.0768615731558898,-0.154333299840043,-0.570953529119658,0.489214609262036,0.315168462213153
0.891423951498466,0.695572396358962,1.02929289699183,-0.963926728453638,0.0737041689049784,0.730160190030768,1.80982806690841,1.67362955541305,0.33789140435529,-0.691558162511227,-0.152174094437234,-0.283832763403206,2.77832051849064,1.42422035823475,0.497056148651261,-1.43613618531565,-0.367968796599074,-0.0157106106226958,-1.16290021413283,-1.24303712013528,1.96933594719894,2.08857103967523,0.913370113875809,1.23999968366694,2.59545559059249,0.958573975851839,0.458793917430458
0.684720341524461,-0.627423221326227,-2.22764798291603,-0.860557701921844,1.10699188743534,0.888466282637508,0.423991922462596,1.18301942601661,0.167724645234274,0.905510104575038,0.759668744162784,-0.942991838801702,0.352318243461805,-0.703120830810905,0.710830018638694,-0.407527362786112,0.441634015848591,0.234100378878603,-0.904490182381952,3.62832607768357,0.332963647745939,0.867389637584849,-0.393328333416261,0.159469215440186,0.960965490784357,0.575556658650129,-0.944468410609338
-1.50250260998815,2.53804038489053,1.851202881809,0.120644247435559,-2.45242368701349,-2.65001780390901,2.12386728772967,-3.16791003387354,-0.419929805117921,1.2342134895956,1.67460055649894,-3.12953379936368,1.29459770023933,0.783318403901322,0.0460157854904071,3.18877512981041,2.33659242017586,0.386032974034724,0.885957688397083,-2.62082204221127,0.0575737471607427,0.382177937680173,0.490851768111409,0.266188887118808,0.424180248095694,0.573527046383565,-0.754757918022307
1.10116983388651,-0.378138930763688,-0.260393080165315,-0.916984651086167,-0.0294645408944525,0.536415954843881,1.08927375420996,1.99834992882652,1.43835030534022,-0.120141439117079,-0.842761618172313,0.0448094524810961,1.02636558982459,-1.21915182905752,-0.694346883395193,-1.41858394084359,-0.708492522495168,-1.08267646181763,-1.98288492674369,-0.469738149960901,0.729404252891347,-0.192970027700474,1.00209188540598,1.95315674511821,2.22848019653872,1.65740832233962,0.5024435666465
-0.0468607169613454,0.849633281871799,0.490531802573205,-0.720856793591937,-0.964163543040446,0.819555753808978,-0.505856117177662,-0.356519866121771,0.081498680784364,0.045375757651928,-0.436299110049453,-0.284632184993778,1.32560277848452,2.97299310777094,2.31369899496692,0.0430818451482553,3.36809695730087,0.490965417677964,-0.859516251315657,-1.1057344554142,0.284059545611124,0.0708064983282514,0.6165355449292,0.343956688816678,1.19397466881181,1.54815567079152,0.323806804809556
0.0679024581479752,0.2340517900834,0.347892137000931,-0.637663214695819,-0.943719973817518,0.8765517817085,1.08221181695783,-0.464436446742606,0.127421329136522,-0.600711198451633,1.80991981444969,-1.00642194490567,0.24632058680093,1.13171215858882,0.501826681328875,-0.209691495901392,-0.0182771242365476,0.535240083857346,0.395850034537115,1.20770970569454,-0.127063662019639,-0.388882108586421,0.182553254038028,0.0916582746876695,0.179083431339756,0.71173062570775,0.67360764175547
-0.424375958990933,0.44757194650903,0.635150262935605,0.55236667473126,0.26340147402006,-0.691350191231828,0.420875201552435,0.717263346940321,0.771209003492863,0.10396047238793,0.309531579603974,-0.375406506603271,-0.295061680922612,-0.649128878416265,-0.684895828090485,-0.395881921543575,-0.996968166411139,0.227912042373453,-1.26901880700642,-0.383745549202782,-0.646769896972566,-0.535547565882227,0.329404678693855,-0.660221292110924,-1.09694988952529,0.123122570720887,-0.116763238305357
0.991625238423741,-0.290864602181939,0.456744343867054,-0.376186198126668,-0.890630084750222,0.631849198783942,-0.0979913667898935,-0.102773248237895,-0.366268697734151,0.0569684321182986,-0.14568321171718,-0.386598408871284,0.200133711621898,-0.303852285009101,-0.438658333215136,-0.838361392292832,-0.433454128502169,-0.278066885800355,0.171170451085961,-0.636092726219999,-1.0111212233892,-1.2521492814057,-1.46132186488738,-1.02781816958095,-0.986299930944769,-0.673895678377666,1.17342422591169
-0.389771534566092,0.413664237095926,-0.0452222635007987,1.2971461375117,-1.18302066782234,-0.105126754790034,-0.44594800702476,-0.786759654355966,-0.306383947085863,0.377236528791446,1.29110345768887,-0.799711507123416,-0.802475823514485,1.62892365975975,0.516558326264149,-0.451796856029402,0.810069801394809,0.00422091646993796,-0.322535409677589,0.220872577000632,-0.686545509056638,-0.444334672694107,0.01863935688831,-0.704940261094917,-1.1069717896555,-0.108774552077269,0.309277737020907
-1.73118578358267,-0.331965398235712,-0.690475805764799,0.167827465611426,1.47713142446691,-1.35373646141546,-0.16810614614112,0.439221527205039,0.0457649916133126,0.757245489241188,-0.396021315254713,0.444760074244454,-0.286905665265997,-0.783234788950435,-0.394823438611397,-0.398509503051368,-1.0274145934518,-0.435153492002653,0.0156477902432505,0.0996951771004726,-0.619464546636749,-0.186250934478635,-0.374692287509733,-0.317802112891744,-0.63768097641521,-0.433492017044339,-1.66051415835938
0.743047654211575,0.485505637250867,-0.134360496102687,-1.14405891232436,-0.856557469378674,0.0912034996488356,-0.508775577270724,-0.409066328721695,-0.117075921771911,0.0273435747059192,-0.469762992190948,-1.52352780076741,-0.625914885330087,0.109992145782695,-0.357829307847256,-0.49960307398218,-0.229684186632279,-0.905205339270598,1.69003484671661,-0.723169156252968,2.07478396364014,1.98242860999658,1.12998329315856,1.86438921923383,1.81845153763984,2.10090986155083,1.07249091687565
0.88327704222492,-0.391872000407254,-0.410356135801977,-0.35649303210778,-0.0768492478530233,0.307654810576511,0.152422955562697,1.09786856722749,0.691845674688447,-0.148043377190475,0.248983656501505,0.331242208383177,0.74169926059615,-0.234624114393743,-0.262028610742713,-1.3670307916607,-0.840143553386065,-0.72823753811479,-0.0972461341180264,-1.07990759684037,2.96178786664556,2.90887770953196,1.42032301498046,1.63199211195694,1.09753944613027,0.636442635250683,0.0857215936826681
0.11371885281781,-1.20454764480005,0.308223774152165,-0.248542330216488,-1.30552360587912,0.691609827127861,0.652617209480089,0.38251311416689,-0.290801084560961,-0.250857224441649,0.744375295763278,-0.182785874354858,1.70887442059518,0.69800917696123,0.699878795825303,-1.25688257485404,-0.820753091471902,-0.114789426485952,1.06918698102478,1.66619328032988,1.498748328728,2.31597786778717,1.4411342947221,1.52886038642945,1.4280064897097,2.15707351356617,0.422887553626132
-2.11938885903686,2.12783762061854,1.76402495058798,-0.702610472423417,-2.09664219162222,-2.43190337042603,2.05675915775267,-2.940399880943,-0.849788768914602,3.77431113225388,1.04136094059066,-3.37327744232919,0.872500979853173,0.142804880880085,-0.480422996656892,2.63414522514555,0.282070925307569,0.955523511960654,1.418816894415,0.356404106077447,0.377728656784416,0.419253220565358,-1.49418178026893,-0.763377847715586,0.0618732187454308,1.34290553617583,-1.82965915098196
-0.0443653699251122,1.54362299669356,1.17137794522059,-1.45705968162048,-0.0846146346121204,0.408423678845649,0.960265179827356,0.591228310701489,1.11697752012773,1.02247371924818,-1.66356048903956,-0.086575485929473,0.774078948221662,-1.02765519214703,0.664324825869498,0.809762832654993,0.113969227853469,5.06078894130416,0.229712590224271,-0.436350921323488,-0.585155173640255,-0.840023515770208,-0.860201394069617,-0.908137197619348,-0.248795458862474,-0.907979220718999,0.110235752901425
0.587719707487213,-0.574194380185277,-0.534613352576269,-0.205699646591724,-1.48539531958473,0.688447167842357,1.19847734255585,1.0436014396054,0.537917398527832,-0.252790636188562,0.424040643577441,0.186227131853349,1.37362246617065,0.0962125449826957,-0.0248221242696393,-0.702988393011358,-0.234616847996408,-0.709765643056717,2.69712339413091,0.251378405858569,-0.114412484556902,-0.337967738707327,0.390170838645198,0.654444388794652,0.605136904018268,0.574599758471936,0.616115829101819
-1.45749520910631,1.96125145986076,1.29854029165452,1.67234515931972,-0.475895040902127,-2.60053309181256,0.499976789209048,-1.37409468845985,-1.24651039548226,0.328854459027965,0.418645034224612,-1.11334058553677,-0.76994340151338,0.645473841987308,-0.87214673652439,1.65615938794514,1.01594888122729,1.12169506927462,-0.939887414862933,-0.363866534210435,-0.76539891546892,-0.101115693631987,-1.00705281872544,-2.10891972958263,-2.12690465647878,-1.14879283571667,-1.56742821115187
-0.591074256434277,-0.537383490902898,-0.0786213606126265,-0.800995922248391,0.0141167113249691,0.545529048517842,0.789831833854005,0.497253528721776,1.87060845986101,1.4730054323696,1.43035964295039,-0.584215426060775,0.481592618962907,-0.903357172245704,0.258139471218288,-0.189900551984698,-0.325445853804857,0.122753104104161,-0.409499143289167,-0.403333780731146,1.3884672781999,1.16738175535885,0.729570568403646,0.896177605087631,1.84365968439594,0.580860775810654,-0.0347426957345938
0.657859468907035,-1.345421204805,-0.239532514527363,-1.49564221096361,-0.19237918555469,1.16829346864408,0.172977532704391,1.52450525349219,1.54063659502349,0.959248036718073,-0.44270923528621,-0.665436659662928,1.33345332538995,0.641832298435511,0.551392215815786,-0.139493028339205,1.01443506446382,0.836286674378711,0.94006969063257,-0.332065397194751,-0.424256490710178,-1.18816555358914,-1.12099804642877,-0.920179785047019,-0.427267092609903,-0.750181222751308,1.17548493896481
-2.29258189534163,0.299397940361319,-0.0456291185043758,0.815772817767567,2.55178171328553,-1.52768272211814,-0.013773228059372,-0.237396903048895,-0.852568029456391,1.80745448052515,-0.0197065851154359,1.13218269997764,0.228023008605004,-0.658257014252769,-1.35979118689713,0.539489798763447,-0.278840708502395,0.00696401805213125,-0.0541232107477632,0.119891410417166,-0.543118115125153,-0.12098432490134,-0.330246552197889,-0.213515788775826,0.192117014723385,-1.27727914668365,-1.17805752052942
0.474636049058901,-0.763810048805928,0.288787201026733,1.0690510468513,0.40731469271263,0.304982908766344,0.0914456917811205,0.862269818038908,2.1981098708836,0.848965606992936,0.0816379996119609,0.306979763109306,0.555760431750401,-1.03979367065302,0.79015887649789,-0.474945849113054,0.0912279580471212,-0.365971966778347,0.274598795807342,-0.137161171744517,-1.13582384087175,-0.494928322133017,-0.160686303391061,-0.23275909858293,0.21841427613649,-0.856974152313335,0.469721941196992
0.724212911513431,-0.584048193152979,-0.888170350684754,0.291532700317827,0.270057519813572,0.155601786134686,0.86376518810263,0.841239467768018,0.815487137252645,0.567864690224998,-1.13303429720057,1.57626139354059,0.0649026954727059,1.27112015653441,-0.0952399871272541,-0.721276360305594,-0.69913747508044,-0.0560014879905071,2.05526527520687,-0.0423393276254342,-0.627398992971909,-0.752466835600177,-0.317087158854952,-0.651716990680043,-0.0630732871636965,0.23210191982609,0.735512294482465
-2.58678217148566,-0.0958102801174294,1.63470053967823,1.83845902419578,2.17058046205427,-2.49883723720112,4.05244684434109,-2.73994975913025,-0.977183420928395,3.1585818589829,4.22037927060558,-0.48624631013613,-1.24152911427887,-0.575909576068138,-0.902480123549975,0.45082994352751,-0.760370512704113,0.532255388007363,1.40945950953775,0.19702833295396,-0.492707243539719,0.0393758951902916,-1.88186707300986,-1.86930948488772,-0.753035092199705,-1.74390890512502,-2.765139615964
-0.0802117707287185,-0.015111721039277,-0.347071689336487,0.564343334881522,1.54465859381489,-0.77559689116463,0.561956137941487,0.351673502615801,-0.9271804855398,0.277899704278672,-0.628400973443915,-0.403266349034718,-1.02342137124593,-0.964146672603699,-0.68264557682746,0.183158215328678,-0.803233639040685,-0.284559731747198,1.82381620863358,0.329757766832386,-0.867732597110818,-0.586750584157485,-0.90495567318786,-0.580057387966106,0.160686086100721,-2.00135980633405,0.00196255864527441
1.04852826627282,-0.280719129233533,0.545882576468942,0.0388975133898089,-0.715671166749344,1.05126144292837,0.537614153111497,0.566374260381346,1.43920546243,-0.82689698479515,-0.423882646992428,-0.30657630765499,1.23894129377359,0.558630311364058,1.12559933177459,-0.863165761726394,1.02276956125148,-0.0961665350105114,-1.08074529909332,-0.518695511351629,0.0211709208966655,-0.733480185541328,0.433288292870492,0.55743203578582,0.784917520639847,0.24016775817209,0.832324177412274
0.589199824290897,0.290379742184957,0.0618730694862416,-0.482127393281338,0.449010065290557,0.0281411640680683,-0.172351198925086,-1.88877942162793,-0.585260175808952,-1.2008718295509,-1.22358362534814,-0.207847741219302,-1.15598869988479,-0.336849524979783,-1.58988687937904,-0.339924945753624,0.0419863902914173,-0.35814531914475,-0.466403740073958,0.386645586331762,0.652049862399062,-0.0955832660388258,1.2429411806814,1.1441431707504,0.125635001716736,-0.640860245592484,0.786717891559939
-0.246499874138709,0.160698410273891,0.770891886856322,0.218065134026956,-0.48920713248915,1.18744664233431,-0.391361993717184,0.562109364172564,1.27879224500521,0.89221789881501,-0.63753666374197,0.171797572143517,0.638939572697826,-0.635825105973701,1.27170694614884,-0.591316178930173,0.817996077931651,2.1930649826428,-0.973910281440068,1.22746976381526,0.105761939968249,-0.606843719734966,0.2521005707195,0.758134791058478,1.06379223140609,-0.287753489369482,1.24444597275248
0.951904782860686,1.35243361670463,0.0330603378692827,-1.04535194142153,-0.228353528295813,0.975398516532569,-1.13440798478123,0.925066738078561,0.352965923499044,-0.296315788539434,-1.10769663681591,-0.111957121430146,2.16555020361538,-0.481316840766665,0.192462137688114,-1.23538895812029,-0.00429558064580888,-1.26709341956362,-0.687969068870652,-0.770778339765225,-0.608687139074009,-0.79897129942675,0.498681067198795,0.490644094212726,0.929723751092723,-0.347914189612197,1.09590811066108
0.26567295361784,0.748446951142985,1.08642828488053,-1.2089257897825,0.344383364507785,0.706059908346108,0.883964695773545,0.245154043166808,-0.256618555333318,0.0231493185775349,-0.302842321557258,-1.11156187249775,0.46561660327598,-0.445493762999789,-0.214323283966569,-0.741981702587,-0.0655796458008351,-0.642924562301622,-0.489767960439348,0.087165053288807,0.600824870098458,0.370423533547456,-0.13245454510551,0.355515089739526,0.256369666272497,-0.119125882101995,1.20897672989881
-0.411534606891231,1.47357092157361,0.0974358954807293,-0.140109346708408,-0.106959931204624,-0.206195530405211,-0.653565017021233,-1.07506516741576,-1.04462205920308,-0.27562516444142,-2.04503865076718,-0.433764282715054,-1.18559473124956,0.616127856351228,-0.994050348280031,-0.886551237145748,-0.834700616708405,0.049016520289241,-0.269433712590568,1.36374146898221,0.122974777946151,0.239954458480905,1.14821823211676,1.26900121380204,-0.635124369239136,0.264884547851592,-0.739916620983185
0.337559457963025,0.179790508397259,-0.742997088044749,-0.143887219373256,0.396871039908049,1.43795106918951,-0.399757414092909,0.634024338175818,1.73594497258408,0.0676645648471892,0.457883076421894,2.55891041267215,-0.419448556404769,0.508163373127557,0.0391450183006355,-0.887339511598086,0.232489174009512,0.166919556184429,-0.878903583108214,-0.577090117891649,3.86985552783715,3.99547856087286,1.12188401824057,0.817987692077864,1.054077124137,2.63996476735992,0.741777694775278
0.970693948444013,-0.011389924966493,0.167211528594199,-0.00812494424712733,-0.581282432632728,0.975984699072555,-0.392474544725621,-0.122288825027735,0.183818226576684,-0.0764837545093621,-0.383958166187116,-1.41986680311789,1.262523481365,1.04693702470299,0.202543263346469,-1.10684767075908,-0.191243446346306,0.260512168883299,1.54324087145472,1.35055576063356,-0.226929136413955,-0.242008183004495,-0.0986844254950879,-0.0224855900649191,-0.109286518478424,-0.898618612049774,0.847810748235705
0.8257359347684,0.503846218859538,-0.346147018873812,0.789006188035773,-0.863847424295378,0.10741212848704,-0.222005691805193,-0.684063894956227,0.608800419525251,-0.550037100246247,0.85688056468242,0.132266174489714,-0.925640823991905,-0.156704793168097,0.111843135771449,-0.603718363646954,2.34596447676771,0.076648864667665,-0.363925754754173,0.400391713720088,-0.682100151500783,-0.84707936545424,0.108564449263435,-0.078663639663077,-1.04075566379516,0.108261750388359,0.607415040655321
0.771658688037975,-0.241801309722451,-1.63068073221293,0.107461883243324,-0.643880958547897,1.39969925041743,0.420520132081657,0.534314006122226,1.09904297560593,-1.40668662841585,-0.326120666117827,1.45458942745547,0.723187854274395,0.0403561222895354,-0.349068329596543,-2.56909677984566,1.0324988105628,-0.415272297049142,-0.0665743810000573,1.49684627787778,0.69288512366796,0.220342403563698,1.25912430332705,1.03163809109106,2.02200860099892,1.03718259099011,0.518554595970875
