2.34593239209122,1.63734884387369,-0.664684048762076,-1.5268889721167,1.22798159283178,0.834655815114576,-0.213677493952834,-0.107983766506202,-0.59857909012559,-0.751128244624593,-0.966988612238509,0.473830030013326,-0.616878126615075,0.562602988993074,-0.571165476052426,-0.122784993085937,-1.74347869309128,-1.17761137864535,0.243999097351451,-1.1597623884755,-0.847708006833494,0.756467057091034,0.878028675362389,0.585186433965057,0.636263993430624,0.15986542924422,-0.737788507512877,0.726875006714875,-1.46574899413225,-0.140425997192097,0.372083948220565,-0.750736742597979,0.972318032410589,-1.48662170255281,0.701731469527909,-1.28261621325459,-1.32044409946992,0.638127517981674,0.979689244529776,0.514866739570813,-0.705387631307049,-0.125543844874719,0.750038774175406,-0.0757857889565769,-0.226672328827631,-0.0621471933669151,0.505786957821289,-0.332106398209727,0.371475148784048,-0.164429554808638
0.0892744998895613,-0.011110842934063,-0.912791086230201,-0.755273134540616,-0.218976534729807,2.08783330900396,-0.181237184681957,1.31312662599895,-0.764233756597723,1.77225431877128,-0.834650479516024,-0.522817544069561,0.102068495671687,0.809190266555492,0.116518904046206,0.0902347329670299,0.615558389549316,-0.331463972939581,0.0142661272787841,0.732801202319093,-2.85359316449808,-1.40355075210863,2.94481168536479,-0.695742103909556,3.93424311461865,0.773021743152958,0.172816403214056,-1.46844089298933,-0.235250749884707,-0.0157773144458196,-1.10618520580333,2.14050922517224,0.700391012474102,-0.511074262220804,0.155634887468624,-1.03381839507934,-0.790329195317814,-1.43146137389682,-0.435195629801492,-0.859257814253466,-1.53472187677495,-2.11662941420388,1.94132419347548,1.76307890104418,-1.97826197636665,0.220911997609859,0.0900906811703052,0.327610358878806,1.18582800629312,0.61551698060736
2.210268396919,1.70952475231396,-1.00101213893684,-1.21976303668275,1.3218095385097,-0.197657290958948,0.496435173039921,-0.515647180506504,-0.311293223137086,0.201381849627109,0.734294995928686,0.386762182602555,-0.918136749660572,0.849567628456302,-0.936343853165425,-0.0370626105453922,0.875541660576528,1.4841254479428,0.345972317811284,0.563390418939213,0.223645636753923,1.86389564729623,0.549346924982535,-0.0653640912237009,-0.886143722675204,1.34310170619927,-1.24544957916072,-0.0418361305211098,-1.79409799190267,1.26940520560005,0.017450543564283,0.980452676196034,0.329680008385735,-0.0108293020451305,0.616433096699148,0.29920678648735,0.778620740946451,0.480975355582783,-1.60460543625618,-1.46181098631704,0.727722219460328,-0.255856211789222,0.00445952011214758,0.142090944582774,0.194641531285825,1.01999038150424,-0.301141553028902,1.84278393806153,-0.638111967906269,0.0681505283084206
0.744033376638971,1.07091990816791,0.0848589012814275,0.51969314195668,0.997626272743681,-0.264455535693953,-1.29205063491803,1.34619961988268,-0.121829950529126,-0.525837315419418,-0.980293326693274,0.612568750217656,-0.698620246707989,0.264433858000877,-0.169358869112134,-1.04364812790173,0.00889666319445048,-0.297274941698342,-0.938844067944322,0.21021085340714,0.266238493035533,-1.46405818203052,0.46132841455879,1.48692786985701,0.353869032228957,-0.21586623473373,-1.71643678880148,-0.593731345887578,0.722307513875318,0.312129516894259,0.856750944730374,1.25536282221288,0.620683091638734,0.251723318433308,1.28953895431574,-1.76005011580558,-1.80175426956129,-0.453098364275769,1.60263636082777,0.902570777977653,-0.585624719514718,0.767394494247684,-0.641983506075655,-1.09277417378179,0.304721077717186,-0.654281115666044,0.173621134407787,-0.318137836354879,0.124063843749384,-0.10380966322336
0.676188947888505,-0.801757648541398,-1.83168489603971,-2.23219123843452,-1.33880975278276,0.634555317752081,-0.341487855343161,-0.85442219777813,-0.878702002468917,-0.356284005589276,2.06899386538184,-1.30922310334788,1.43440810006462,-1.9466691828721,1.80424391981166,-1.0253865592478,1.31743017940563,-0.717298105023083,-0.424998453136832,1.80782928464731,1.6930455183706,0.234604659008534,-1.75525278495396,1.17618658574949,-2.25071663903468,-0.249879238685417,-0.553257410671981,-0.411808319633787,-0.749026578059492,-0.535438397257381,-0.178955167361437,0.275691193672358,2.02669270190411,0.444160295886936,-1.26023491777337,-1.51401344253196,-1.08577198817664,-1.33683338463282,-1.10597006438687,-1.75144206208972,-0.947929575250396,1.19869917652848,-0.67446782768871,-1.77458921487737,-0.283651606146316,-0.297077509729884,-0.372809316551897,-0.610232309697468,-0.254871814500811,-0.276226221350909
-0.49586165025474,0.0302505915400046,0.571858926856974,0.226943565580624,0.326923630599832,0.39064302969467,0.282338399354524,0.310916253526044,0.341587391072109,0.449152248079511,-0.178878766531976,0.396872738676458,1.01397319943257,-2.81757748706208,1.79539299598065,1.2132436809125,-0.273405368021911,-0.59852490790667,1.50238100740952,-0.240607100652359,0.78368135070751,-0.697932663589149,-0.211566250447085,-1.10907745208176,0.488442937476314,0.0169831613073091,1.43521137306782,1.29652200322847,0.0663958387397506,-0.0194132145142157,-0.0961474716228692,1.82533896991324,0.961515415513453,-0.171934738715277,0.700784776161182,-0.753785769464105,-0.809688652652715,0.0400017053403677,1.07538852195709,0.998236484840578,1.13479857479369,1.36135973580765,-1.54877174682833,-1.12730214255464,0.640294979538723,-0.492980114642572,-0.781530912943745,-1.53167695104302,-0.480667430645978,-0.446029830580468
1.00074375302523,1.23504249543243,-0.0336685512306472,0.525076160528186,0.944989012437159,-2.34345812960513,-0.608374587322144,-1.52126598683246,0.043893400309578,-1.07177586704085,-0.633850356474258,0.566725392378141,-0.716628268883795,1.06952099897386,-1.13213854083108,-1.9660566428466,1.8797793441501,1.8649563563332,-1.9054268302595,1.58937866061187,0.154287917510631,0.682888048091564,-0.0950114039752824,1.2163581373052,-0.409834180065388,-0.268774477220317,-0.100216558356863,-0.299942443875764,0.88520811261166,-0.295195032282597,-0.455930251128969,1.34241220668221,0.155246327820914,1.78523264218446,-1.08493130340402,0.128962366536274,-0.0150474628850504,0.935109741172834,0.332618162202034,0.493158168850331,-1.09283673868445,-0.359078356762434,0.536040088856278,0.385785126737744,-0.90908755736812,-2.26433326251285,-2.44625555148966,-1.3172383454853,0.103342291281581,2.55002432513183
-1.88735047069755,-0.926477686069083,0.613197580186555,1.24344101737612,-0.678544804854819,-0.61393654606322,-0.991142523853734,0.690466146939345,0.765434192436284,-0.261389445795137,1.13254189277565,0.444495887293215,-0.542949750389916,-0.957634730253382,0.507547077639394,-1.20286662043831,1.21413257972784,0.609985106610087,-1.61577207603226,0.821157157634642,1.99638571561076,0.361446845743712,-1.80360448301655,-0.711175206902704,-1.76469474825919,0.437345640275762,-0.317444602597866,-0.395858215232683,0.434764647890893,-0.136312035890546,0.395717734276772,-0.795158658297329,-1.53905523442171,-0.598529713128236,1.01812234682617,1.20219039391754,1.94184002548323,0.022967331193705,-2.8007220189225,-2.48203280577198,-0.152810024876421,-0.0262440223792707,-0.448657486728734,-0.394404295750347,-0.524985220253678,0.0765113042505323,1.08459419733327,0.836954735389572,-0.260226002422424,-0.407404745349308
-1.24994642686662,-1.05563395384945,1.3852755711018,0.50552173639783,-0.522840409067547,0.617191396496179,-0.672659168194009,0.180145628552789,-0.489042809404152,0.104690063010846,0.323906058029936,-0.226047552474621,0.041893763213022,0.180429682538593,0.318702600305698,-0.487490607765975,0.593057596303079,-1.37403964338293,-0.933838058719534,1.01574635043221,0.409500595354854,-0.282737147868665,-0.126864349679892,-0.193053677926928,0.153306099140163,-1.69465428412721,0.613948770937528,0.802390062462313,2.16309720854103,-0.610366262582852,0.544578271212577,0.240095378213974,1.44438148201991,-0.245316466052945,0.285989360736795,0.0263873944192406,0.0849783016431487,-0.489974263273209,-0.400811611710817,-0.403044452591424,0.344494241395741,-1.29420745350297,1.42931427439651,1.21341423730045,0.296265596070092,-0.529933053347664,-1.3797435721468,0.571176249657872,-2.16128503103877,0.588291381563857
-0.232668212080744,-0.962361717174957,-0.791103382812334,-0.585080911457893,-1.05172882594604,-1.65584703219882,0.407447970131846,-1.51366667354705,1.20785802549551,-1.470921756227,-2.05315685433774,2.52666143087608,-1.98095790116504,0.768957708430383,-2.52446543072109,-1.09387058686273,0.0532178781881023,0.820481754855289,1.13406251735564,0.925804673433458,-1.24116125804021,0.447686504610177,2.03145560277239,1.17591054177309,1.10407626515121,-0.958486373682627,-1.97866166658109,0.60330654588107,-0.058161976418921,-0.395606961138368,0.135208587125488,1.03694243002401,-0.329636118939139,-0.0217729125831423,1.00495953185721,0.692314890692369,0.799727235895652,0.77846617794783,-0.402519700344133,-0.207232291014328,0.434002125657019,0.637962736603367,-0.86411194940016,-1.32824605768262,-0.779185192032966,-1.03917291184687,-0.262502792715842,-0.950079769596105,-0.939973871273577,-0.212630889157585
0.159904589648109,0.24605555104177,0.862763916241831,1.16675545136954,0.434377097242342,-1.82192548080563,0.586522572617632,-0.0935183577574018,1.71028029335749,-1.28296840571407,1.23461387731922,-2.27869058347404,1.52163805969405,0.00309878395315249,1.62214113139078,0.467663177459497,-1.24919319994828,0.276407425641884,0.744404775078179,-1.16145875337143,-0.355710187366248,1.05103726632434,1.06335360020534,0.067071218807463,0.550624573286304,-0.143895103793417,-0.45290640630694,0.0694314626612032,-1.23238409326579,-0.134950940300445,-0.235218855768683,-0.742953757697211,0.34666656447127,-0.533120581110781,-0.560264842907185,1.39735957915137,1.47609048063034,0.256182960885488,-0.910305596162927,-0.540178246209371,0.382366462998051,0.00573593036409718,0.34030336980512,0.347236917453416,0.274464102199288,0.972254654981538,-0.596954161872776,1.52781752634997,0.462570906562926,1.40741027081927
-1.00781536424317,-1.35208595545214,-0.917259265929286,-1.20581085307232,-1.44005013459617,-0.517585519045968,1.51016715238324,-2.12551596778236,0.813990430246156,-1.44410061345943,-0.357669696029753,0.189679651937994,-0.0574436412771397,-0.946478502926439,0.643195352371603,-0.0188243125014576,-0.754029906262711,-1.27691553140966,0.864075689925727,-0.0345831582446112,0.341548941033501,-0.529618125068211,-0.898700071920562,-1.26717950776376,0.366677360618371,0.341774665567702,0.0601925830834748,0.686099730766612,-1.00904529797398,0.474080872921711,0.82503982130647,0.0266583987720735,1.08816503947474,0.816404837156749,-0.0714469951515957,0.800757227491029,1.1699446345995,0.254690828654938,-1.35453238963707,-0.976704271994574,1.62108717004048,-0.0343403811819219,-1.18981001903867,0.561516661997284,0.796406429603465,-0.48287339765066,0.384952103027124,-1.04895745894831,-0.609939451847378,-1.15415834418007
0.944046113334365,1.3876648860198,0.425857296446899,0.538787149801564,1.18893119531467,-0.489970545708437,-1.32981307894957,0.700244073357546,0.0370576068310417,-0.780175855684224,-0.78845761905724,0.676678221334445,-1.45888285755936,3.11398830799171,-2.38621496476262,-0.248341557253369,-1.37914175410179,-1.1907844850057,0.421783064058975,-0.638897365486516,-1.05875657663664,0.126561396615273,0.598998930868851,-1.15233967632333,1.10139320626655,-0.253235433609674,-0.920316488683648,-0.897893696031372,1.35157264185211,-0.384538454813156,-1.05796032055138,1.60977788981502,-0.360836206115127,0.227960182265302,-0.365049289136308,0.270731337567418,0.202876098598293,-0.0528925353713767,0.0373759935851428,0.112468580171432,0.158932833603831,-0.122395733615471,-0.608457333994113,0.127671282314424,-0.525485037823222,-0.677249697255774,-0.205832443280663,-0.967948286017665,-0.959571326596188,-1.26472746632861
1.66721170527725,2.05628080793924,0.642162714334891,-0.764618777229843,2.21170013324905,-0.350357907393129,-0.499659727489647,0.842556758537276,-0.367641839799119,0.813749795824709,-0.413158133138196,0.527419435992802,-0.00193205273660276,0.161524145324863,-0.93643168366907,-0.367115010458873,2.06921863724219,2.18266863414213,-0.789415324336877,1.27998102104628,2.01618686979481,-1.39223119730237,-0.2707199347601,0.618921416981119,-0.76196803137117,-0.406225880121461,0.524748405400283,0.174440915830376,0.795763155041468,-0.498624397792386,1.94242256337618,0.803397893152681,1.34417632637183,2.71355957953889,0.179850975419796,0.153130249795109,0.514806209959757,0.339571301643889,-1.00905756790051,-1.01360043858247,-1.16086361835084,-0.623338749858314,0.798903254851656,0.730246683798747,-1.18127496901951,-0.269548791130693,-0.269354071205088,-0.165653791017662,-0.228758390632687,-0.21727043870944
-0.910480136884215,-1.0131279633087,0.724546714762431,0.454398715745184,-0.746832535533551,0.746561284436849,-1.12537916297849,0.264634894049502,-0.985344289705018,0.117304771543035,0.190329936120522,-0.521941679497229,-0.437066926652964,2.30043326905508,-1.77853742619242,0.0896509868947201,1.19219819490561,1.71716641853319,1.84985287025715,1.19340941432918,-1.56162863248643,0.523197334876187,2.1605730492728,1.44669786101477,1.21758416427893,1.07087455765675,-0.508338001027015,-1.05923805672604,-0.783683407766253,0.824990382732688,1.50501339901761,-0.816351286947271,-0.318300541084126,0.986533608131899,0.708603764846348,0.407497806034269,0.547986030459039,0.756923788595846,0.0270752739044452,0.165141223691218,1.17426513053007,-1.41478753556008,1.11145622200303,1.5599319803826,0.338219164030163,-0.274334166352185,-0.411956164147198,0.234529378562033,-0.775156561643154,0.456046793525997
0.426109076122537,1.7603922601253,1.87196430920089,1.19379128984696,2.30529076159927,-0.0929569597224331,-0.278428270744435,0.145775210094346,-0.580239057788354,-0.270652026286707,1.01260357453417,-0.05048635368532,-0.487856907706207,0.0460734849936255,0.258396028185456,0.818319912483693,-1.06606345921953,-0.894949180527523,-1.10017595891108,-1.54206510026053,1.69270245821653,-0.0819878885747862,-0.606118460976888,1.56888413335392,-1.77108639957209,-0.115198880796697,0.340980642902664,1.21754230089231,0.375872620054534,-0.433640717568906,-0.309402463905676,-0.259593207773157,0.0839373600856591,-0.25442906008578,-0.450609927817818,-1.3247766076177,-1.45486517332677,-0.971275440601,1.27433526193761,0.71136043265997,0.609201170469164,-0.577697371298953,0.692068047722071,0.846414209261639,0.801358807547708,1.39045367718932,0.39244578773557,-0.128666862474392,1.39358494267021,-0.390438451083586
-1.70789785183292,-1.65806655321835,0.00630242266684903,0.388996080074733,-1.67557012021233,-1.10477243200802,-0.24643250318665,0.224355659012615,-0.0349254629746062,0.399388189849359,0.153526933261778,0.931227087692956,-1.07323046431694,-0.156778574512771,-0.768394742686191,-1.03703399219594,0.231570738294429,1.42857605264423,0.965347904196467,0.7576360258301,0.42604638660015,0.139310754276546,0.232712133480873,1.03114153320909,-0.434680029983422,-0.283011569888455,-0.150104057848377,-1.51590787949374,0.590433756339716,-0.800129739253474,-0.757224019099103,0.114500893286812,-1.0916403718649,-0.550841065530356,0.0499698233995676,-2.31727552483086,-2.28479878445319,-1.55213933431435,-0.0283936852509023,-0.713698004162748,-0.493628558839975,0.877978371240231,-0.942357043967498,-0.417481882234056,-0.260897182777197,0.970274050718847,0.925026003071504,0.583777787499321,1.03790756977883,0.412666838313052
-0.257008889493125,0.314440230368138,0.844818427145189,1.20053511259028,0.608031739430595,1.18931914660652,0.528629267116586,0.46934693564453,-0.335395288601605,1.35356604329542,-0.00690359575168249,1.25531337655672,-1.64982955681342,0.0816410201719173,-0.926951526115582,0.231518923247901,-1.59593177485615,-1.22135322821414,0.214756604621833,-1.19846921706277,0.666513811586324,-0.219965823573051,-0.601303388662511,1.00185665547296,-0.527412145731083,-0.704742837482664,0.965292814646127,0.599689929310622,0.480836505035478,-0.141270201307252,-1.43567694964139,0.270985096405095,-0.146240827106721,-2.29051057352192,0.257478351684912,1.09495356162774,0.681768576825467,0.0599940984287993,-0.0195478820031409,0.527916122183185,-0.0448564479841307,-0.192024687294431,0.462432159791655,0.465042384438522,0.830944266870662,-2.35774964721321,-1.51318915494537,-2.28753214319047,-0.297507718073072,0.80421378565326
-1.64037430823156,-1.38477063566032,1.63991391983984,0.893388550534895,-0.656035330063717,-0.542277355061843,-0.43887122205379,-1.30146943192946,-0.50412801208618,-0.986790956540546,1.35291803260272,-1.53155661261488,0.523907450287295,1.56159236745603,-0.106721085706214,1.5580200008083,-1.1049979894903,-0.791646651358426,0.0387767565242071,-1.69336404464032,-0.265721821755136,0.24895506945898,-0.437235847190571,-0.222234061976826,0.273789904493915,0.478440258029557,-2.01637768386791,-0.550993175694008,-0.616881550403944,0.819564616087924,0.558111236746279,-0.276730207918329,-0.668545201826505,1.1374729118622,-0.112627973964725,0.0732913679692978,0.0249640763398363,-0.779122731955109,-0.285179730662433,-0.170167055999473,0.118463878049044,1.10835192222963,-0.939307831087295,-1.27093726581328,-0.232633500905261,-0.363787456322092,-0.612885355848864,-0.242347955602245,-1.10273840697706,-0.273808774829026
1.99913788840891,1.71038490909357,0.2127214002372,-1.34661368277608,1.51959704204775,-2.06244325977779,1.77521342049387,-1.35679223513102,1.88783774782505,-0.86409120480186,-0.0372764017869898,2.23117510964744,-2.81604997263308,-0.0520284240565322,-1.11190628715261,-1.73433494829514,0.482321158793845,-0.819309017225235,-1.45596848638576,1.13264097478953,-0.447534357974121,1.38584803082249,0.486497957408035,-0.618900870638611,-0.221580223658215,0.770690718820169,-0.849367852662811,-1.77986882038643,-1.01488528987414,-1.1985086068484,0.368971365691033,0.865530804002826,0.394303380151468,-0.129799190949486,0.809262397254159,0.434197101804294,0.215451125865874,0.503414451949026,-0.646932159321114,-0.337931433171364,1.12277889761766,-2.46124910747941,2.48506053792841,2.08906609448675,-0.17048753776546,0.167241216792683,0.746741736628962,-0.507390146134896,1.31677762759573,-0.644431831803515
-0.0521540285159748,0.277113246704252,1.39949125016908,1.56389411566753,0.41221533742241,-0.166334547652972,1.30207738444707,0.904885758367915,1.27252910521577,0.461835610739499,-1.66691800316463,0.775027227356667,-0.0582111855040282,-0.146518826813451,-0.426242222851843,0.672633528902334,0.38016500672805,-0.266134053251427,1.04955034759404,0.60737864328356,0.35849868908059,-0.840686775100586,0.732869142256917,1.97753672597228,-0.223326714992385,-0.63824904656289,-0.730260363011897,-0.339048970487904,1.02892001251973,-1.4882154408881,1.21735477974879,-0.210754364780334,0.358270574655644,-0.269718848719503,1.28690681627117,-0.730382626262675,-0.982658793896125,1.22720413498713,1.92969401076305,1.55789612209087,-0.274756937464788,0.824135245339613,0.166407507166383,-0.960778475211705,0.512914080524363,-1.18067007943945,-0.22192840567001,-1.30390659870351,-0.554724084056554,-0.540664293159209
0.493113304701152,-0.611955404250445,0.81461776233148,0.48043753909243,-0.372730129669587,1.38850509246299,-0.721453340217926,0.248935449646472,-1.71729502444904,1.39231079906318,-1.08286692091615,1.26189509221247,-1.26601130988479,-0.27939847546496,-0.244698270428658,0.502522519777862,-0.315847993515571,-0.929883839678272,-1.03913736303152,-0.863963811958787,-0.265411693104136,1.37588738640949,-0.278168072123542,-0.145872900887178,-0.633852819437875,0.604163101886861,-0.643425827475788,-0.202187762438912,-0.19066645114658,-0.0944171175746923,-0.531480084424797,1.51229316542452,0.510221921133703,0.796335797505349,-0.426833815182794,1.70691532976501,2.12566966544691,1.55453373123245,-1.0110028301179,-0.583478498776775,0.683182690164824,0.543780564792144,-0.860738706541041,-0.34259095011645,0.867191635700168,2.34135260323561,1.66908448153735,0.735150254858535,2.22669893257898,-0.693627027693251
1.58094958225096,0.295121381749483,-0.915295636122502,-1.49576559173147,-0.207349938335929,1.93863052796264,-2.1656987997064,0.729934181696417,-0.798936519615006,-0.4364051241276,1.7385569756454,-2.01934310162534,1.80114119559408,-0.903911873744074,2.40661632212957,-0.682638470406174,0.812981710169769,1.1523974929723,0.339313610601743,0.87088070397373,0.226436467154352,1.99729902408576,0.879093232613591,2.48144168983682,-1.75860562220712,-3.49833738421903,0.0195423489446621,2.63175683017886,2.37747349950887,-2.14768315015479,-1.08620909167694,1.37797122470851,1.32850945052994,-0.264505152709192,-0.73162602588225,-0.585636256497675,-0.564552270602477,-1.05637671628276,-0.204654710285544,-0.431980738835417,-0.73141329762541,-2.40264947771709,1.67225559984272,2.46435667448765,-2.0557726989861,0.937484789966697,0.012429089258174,0.63629451808291,1.51751668668827,0.802699351648109
1.06069295212617,0.953833522030539,0.362067691566739,1.06798664984519,0.828301607397557,-1.12139366157104,1.54873966038894,-0.628829700731478,1.18999092040421,-0.25467650434218,0.973002710471565,-1.58275518737016,2.19373345571464,-1.72417063067254,2.1495547471294,-0.663638084566773,-0.433498000298375,1.41188863482601,-1.82838630314175,-1.27720291938071,0.0249496110851413,-0.650096196099107,-0.247969777862591,-0.241461026846566,0.572813080946808,0.180947950783867,1.36294529764421,0.812063588986887,0.0423876560605715,0.940939091152233,0.126895737449604,-1.20262901946535,-0.422820755704654,-1.87487840983925,0.950481665376263,1.26952444205907,1.65100440331352,0.269119688370988,-1.47575561317585,-1.09102873536933,-1.95754933954227,0.373098779138176,0.413315255557855,-0.849287234696344,-1.26983793816137,-0.287420319608597,0.0466251751531418,-1.09558283274577,0.333211144356682,-0.623304305575068
-0.937697082668934,-2.15889115911375,-1.37256516438603,-0.257114327605412,-2.54543630320391,-1.70651164005323,-1.06232628764595,-0.928899529615713,0.883169346507418,-2.0521681274461,0.825018766763943,-1.40859940403441,0.392233571468789,0.852960542681547,0.380866315995239,-0.771405343281555,1.6691129116079,0.863766620132047,-1.71211136477609,1.10048921460002,2.91127994299206,-0.490843554539732,-1.56519328018767,-1.05297439089331,-1.7355125877028,0.14687844559803,1.29516777607537,1.76286721180441,-0.406038226285784,0.694866641591418,0.79039858562448,-0.788846760069066,1.27508898145079,-0.644684985349576,0.42083450024204,-0.882753068077581,-0.609453901398521,-0.0403965516234514,-0.578153558689613,-0.949677904952018,-0.73491147337713,-0.885888775281315,1.36797965576222,1.09803385275059,0.282765673163296,-0.88357275829696,-0.653702347205097,-0.301770183962814,0.231967944729057,1.05932344367999
-0.549757853431141,-0.364725402899797,-0.078360060077398,0.583325568711472,-0.175676023299761,1.01870271759255,-1.5709887467021,0.789514131190961,0.274550877069274,-0.693720568015375,0.416302733441167,-0.495846757392815,-0.426915122981334,0.792973259647948,-0.19109245120156,1.14615058091857,0.53097120778188,-0.0100127542985914,-1.23170063249451,-0.642208974992367,-0.0245567900303678,0.733546528991286,-0.407527426658971,0.147269326912664,-0.734480552871242,-0.49625265618387,-1.08679726980472,-0.339265980918748,0.432979260039383,-0.432487401660474,1.8071055445721,0.338442095196465,0.748433805161336,0.306259603288602,1.81060367188686,-0.571098933972294,-0.483104182733623,-0.667916788230149,-0.235865252907479,-0.404883353304661,-0.00369919506760676,-1.33208474073163,1.00841563547518,1.53647699294092,-0.247986947829895,0.74755605423716,1.05118602219823,0.478619099929345,1.64264909631346,0.566335099821152
0.192137011998767,0.25802921458382,1.46334314936743,1.57703058811363,0.634256774290473,1.29870382303539,-0.608326320221714,-1.21348111334013,-0.727137007896681,-0.923027586686098,1.14271599143903,-0.228563623453856,-0.336273088628997,0.131638714773873,0.157548096295363,0.291844928659805,-0.215330154065542,1.57171907705474,1.09347381658894,-0.424419753802923,-1.27245039391471,1.89688276971902,1.22028215400925,-0.606796272476445,0.341390997423317,-0.719012191490564,-0.159493107318846,0.556348401893398,0.61554520872479,-0.402337515097128,1.30699996301472,-1.53733148693918,-0.731667544552572,0.224395987155631,0.831406860929732,0.769216624071295,0.820460471816947,-0.114664511697714,-1.10094448156917,-0.749407942492026,-0.269491099845616,-0.0324072744092342,-0.219204303036845,0.406961629747812,-0.330176586859272,-0.703637891812132,-0.781896695801724,0.558749448480309,-1.47491540180001,-0.00368433121580711
-1.57131304370825,-0.955387605609985,0.908590991401863,0.730574234063046,-0.6747961993376,1.72054209564125,-1.42036819907323,-1.54214255951662,-1.59057085596693,-0.716656635219968,0.801410681192031,-1.22510221476753,0.665995229271075,1.19860079711263,-0.058907792444945,0.48671856135588,-0.0379577727899147,1.05665779410418,-1.2928828572812,-1.135307227835,-0.0383953557237042,-1.19427388878315,0.840150363891884,1.15563231531558,0.466947781411991,0.754493578652242,0.623127796927231,1.83400843108694,-0.842632201588437,1.37700882177816,-0.47082296838695,-0.380656977087791,0.832949875009688,0.208439661998523,-1.26963139889616,-0.660323818346003,-0.687828126306964,0.5722299708647,0.808348173607018,0.531693541340893,-0.47242890626096,0.139474496110291,0.110432093902678,0.284537917862116,-0.108893065092983,-0.0375191731581731,1.66615793785461,-0.325437841599154,-1.44930563268273,-2.3662287383083
1.06645438446851,0.734116456600962,-1.08383102252447,0.491238882661533,0.304222776991343,1.11519418448092,0.129628905329748,-0.229004348108177,-0.490115296605877,0.628390216921733,0.525206165829737,0.545033476216771,-0.615459031146547,-0.372818709968221,0.143577869381655,-0.782779911001421,0.60788471328217,0.0443284979402925,-0.332653975003037,0.826319262390589,1.31053260898384,1.14132402271499,-0.770684196131137,0.929656548696968,-2.15032426205467,-1.98556716374102,0.395809538233571,0.0611616351585128,1.93701490708131,-2.3727927611044,-0.0359334512016586,-0.543208748916067,1.34643776830409,0.373431385695743,-1.12283984890077,-0.0108145017364432,0.560528580951894,-1.6818018081577,-2.68332433831,-2.80221162837744,0.0666927026525111,0.177962652941964,0.300562832866157,-0.0572172958226048,0.0979157880505849,-0.365384561842572,-0.312845257093223,-1.10334709939363,0.606285072670724,-0.18360048009976
-0.482155963801451,-0.618835143551033,-1.20031262084351,-0.77346211518215,-0.811313346281783,1.52017809030717,-2.02476249634796,-1.17494052546982,-2.0446906484271,-1.28886663869914,0.149586343636868,0.292097326847557,-0.345453612767886,-0.564767310838345,0.0459949573347013,-0.138035561639153,0.375792637704798,0.0832533364702766,0.411821521924119,0.627867055255014,0.21932459418661,1.84981797015458,-1.78932877896737,-2.05232022251817,-1.31625192203555,0.306126303067237,-0.84865760941167,-0.580397402584383,-0.470796926511623,-0.125748730342139,0.421685106894628,1.28148881552751,-0.245758747502326,0.555388812251307,1.09780013357463,-0.691527121151541,-0.686667643397842,-1.33657413255383,-0.489043863172777,-0.845905615437082,-1.38803091786367,1.26229831178664,-0.634164746602485,-1.65077565657437,-0.38692347743364,-0.607599607363314,0.356070268297121,-1.38275675656249,0.358227885729612,-0.371550066680428
0.132891928773245,0.904479569946058,-0.11361459108022,-0.142595564710514,0.621478111038163,1.13857969433739,-0.664257834064461,1.43194116159087,0.0346869926181386,0.139698293917351,0.626803557575652,0.0147745161490875,-0.294311206540335,-1.05244505204855,0.781405633577786,-0.0617182020861659,0.936583638139758,-0.953461388710545,-0.616901641101897,0.953081829448769,-0.997656499724506,-0.617128203332478,0.0468569246996279,-0.865944279801378,1.04857657156857,0.877056719595754,1.92245845615805,0.65043155874425,-0.728981793920626,0.756973238003109,0.151371662198522,1.77306975333951,0.506362640041464,-0.393804206779176,1.2885122394263,0.199070032701659,0.389313774048528,1.14462509928899,0.0783789675417823,0.099841885838052,1.69520720005847,0.920007377585574,-1.63864290035632,-1.07008227622753,1.22494088521428,1.16151464973096,0.283057454342087,0.440816988872284,1.04882286933634,0.343238303023156
1.97750596985903,2.07326628020152,-0.274710010461764,-0.397153891839219,1.58406888371472,-1.64199078670988,0.62435147023239,0.692437154901992,1.42737646982403,0.226972474842158,-0.530566177485589,0.264837740956863,0.21074730692676,0.745900405976871,-0.779302832855493,-1.03335636539073,0.0324682043872482,0.384428762787349,1.30873627878656,1.22349702161159,-1.04243826132033,0.545694949482453,1.18135550328306,0.566257162971449,0.957598462799547,2.83044086369016,2.70646642766329,-0.852424527263313,-1.4364378689968,2.90936620114173,0.292382133803979,-0.149283010137457,-1.62173240250094,-0.842795174861614,1.53169885747088,-0.719386538671743,-0.850893176385012,-0.0967470956933724,0.393800584409161,0.278244184751503,0.887294297115372,-0.475310880635365,0.504183688201396,0.629641341455631,0.896699538801022,-0.474877087420604,-0.505430386951652,-0.147281603384668,-1.52579103727125,-0.381871190465376
0.0485254321918947,-0.856724415265265,-1.12023702900666,-0.254594606815223,-1.14320381304023,-0.243007210476915,0.352809041343162,0.0767306770490984,0.718051583748953,-0.820279588690891,1.53687827730261,-0.23329129997843,-0.620376401212433,-0.24792593083412,0.682414661746591,0.141799849785013,-0.582709522383823,1.13014771711998,0.0733192618817999,-0.903291346369463,1.13130181312825,0.997756205017191,-1.10924182239354,-0.864911286320843,-1.24909863382288,-0.0710737219778315,-0.70641736492393,0.257470485172059,-0.166680870995351,0.514328389866237,-0.827990610845289,-1.13527019871362,-0.589192353841639,-1.65883171773568,-0.193312355780041,-1.5978952287194,-1.53178889196128,-0.454220732052701,0.0178801629876421,-0.474953064698325,-2.08317104289239,0.0602548404035122,0.606645319402157,-0.533178261510451,-1.68750258871885,1.39335214505705,0.879408982722308,-1.02025682140982,1.62880500201446,-0.897204364409855
-0.415244266085179,-1.61385112868013,-1.18066217240993,-1.32418668941593,-1.69861093421381,-3.03083950457026,0.0398369426552727,-2.61843712460368,1.49990838748784,-3.36242001909061,0.623542358547208,-0.297558509232726,0.108825098164699,0.62571723557386,-0.572627024752674,-0.579229795947126,0.908068126116927,-0.594035768571063,-0.388668417641428,1.15994606608945,-0.541505941764457,-2.30396531199645,0.607485863383516,-2.05488945966054,2.69414720591957,-0.47297369170401,-1.06558405403109,-0.736599260307654,0.0855629747756679,-1.84983349253947,-0.17048267204555,-1.4280390174404,0.0963434708040892,-0.600383752485564,-0.630982549504879,0.22448500795657,-0.0971054466062935,0.292935528469096,0.142531624969293,0.337977273121938,1.26217764330357,-0.88963194993037,0.528968495479743,1.76423022898265,1.06906051902337,-0.24108393256643,0.600221409075673,0.0595894724652811,-0.21027855865719,0.0564662723613392
-0.723401929966654,-0.155975451945231,-0.683286334040341,-0.55943699736167,-0.257204215661029,-0.886736211473249,0.340132312559084,-0.257839188381306,0.832174519409752,0.035290156849642,0.0943330933713503,0.777510377942601,-1.01174215641196,0.666109878383183,-1.00980204023464,0.301048360337126,1.08071668978021,0.500807693470694,-0.427142069061314,0.555554291162064,0.0512496698049691,-0.343229183026122,-0.278116846313729,-2.59152469478318,0.868472210429732,0.233609268413383,0.422333259991658,-0.048608283453678,-0.438890640365154,-0.111152944923492,-0.838516308844746,-0.787237694850264,-0.0342838196070897,-0.713724565105792,-0.874773710139628,0.20859785297013,-0.00158786875806667,1.18785845513624,0.842639817384609,0.876153118516837,0.424283595190684,-0.337475022906875,-0.185653104920925,0.97143552467751,0.576967159644972,-0.0402406219052293,0.608827639987335,-1.68270349520708,0.803615048184399,-1.32189083028384
0.0928627019518868,-0.313430418498976,0.301494703076309,-0.235139085996589,-0.280983343055644,-1.2762827607559,1.10709321461873,1.96203207078388,1.12948311164424,2.04316626003086,-1.09260297013101,0.313090914250346,-1.03514505401618,0.696363593436251,-0.581125957100887,1.34110355629077,-0.769181662925612,0.615294455608017,1.21026475290987,-1.07886407278747,1.74035338881053,-0.694971389762828,-2.10841548440885,-0.614904546756316,-1.04551447761971,-2.48801045857674,-1.7148340412761,0.0584217716619751,2.55711951526737,-3.43371361801355,-0.587750722192429,-1.40748920766684,1.67628196056304,-0.770676942385482,-1.83394005838101,-0.252062541273201,-0.407032680818107,0.106875477201166,0.965957852407792,0.834331458450227,0.966303399892822,0.0240670838489259,-0.946403432803581,0.631635511367932,0.956770954246254,-1.78938351370222,-0.948951599513877,-0.172288626750543,-0.883542648143366,1.36069619569655
0.0469565862894535,-0.11439862162306,-0.525213546925041,-0.535881610188096,-0.25097653695485,1.20264980758665,-2.00918855168835,0.838035713313125,-1.68598700915132,0.803084984412101,-0.125445696707639,0.931695590933786,-1.64728967792382,-0.221321490748712,-0.040646420205662,-2.23875475508352,-0.873482269508673,0.39792364498289,-0.510862558176213,0.024834118179559,-0.764997366684089,-0.843059305806766,0.41517465625999,-0.0729671164024549,0.952279135749789,0.572612635152619,-1.17036548904378,-0.605768602276865,-1.68227238565751,0.11777837711149,1.52096619246703,-2.00723012239316,0.320975777742146,0.910033592427962,-0.273805133844272,1.47540624460341,1.57818816760247,0.599635981854808,-0.873358926113655,-0.236745103702264,-0.355617005495818,0.585206971492235,-0.139297533423226,-0.505887865003151,-0.0913174218683933,-0.409473891675247,-0.431729029769812,-0.295224652556196,-0.143984732464689,0.40514090257233
0.335251421346837,1.00387129515123,0.648738048323958,0.911434593450536,1.24095225827649,0.83143644894682,-0.327691464790599,-0.196767069424626,-0.887156606011593,-0.0460580702462557,-0.0936792715622334,1.34832411016947,0.133310386998872,-2.61622600838481,0.74739833348341,-0.13135811108953,0.117943416295868,-0.419949583734992,-0.549203650669415,0.121717681203205,1.24419485419514,-0.101535679630062,-0.414790455719623,0.708486448784024,-0.981415246360809,-1.75994403949357,0.488846016721168,1.56266531328423,1.68590116063674,-0.497407683456223,-0.971431423756693,-2.02729799390351,-0.0848336396141378,-2.06334418804485,-0.841046348609565,1.11179763601519,1.43289634464173,-1.4412247631527,-2.14228850110058,-1.70045985343518,1.22053968844264,-0.557522174495934,-0.134980465330398,0.982257054068716,1.03611794568897,1.91142282692566,0.997022935928398,1.7982973690503,0.849171190575285,0.324116160404501
-0.212989391752174,-0.443911462100109,0.0526732299417407,0.524000229250649,-0.437020373957818,0.396348013237176,-0.47437087382522,-0.707115366567952,0.328014833985978,-1.24466013415318,-1.8134017185032,1.09770051229362,-0.5714773463333,-0.597006724865975,-0.337418980511085,-0.754302759393819,0.33552785510655,1.13499892662753,-0.377341849126054,0.222597794040341,1.84088688777329,0.292007102827909,-0.694041934324949,0.800929068861149,-1.63855765590215,0.55361639603715,-0.77619205168909,0.34710791032176,-1.72787297869224,1.49612149645631,1.06251239992861,-0.921260722675727,0.113952696343589,0.493622019338701,0.180394943389163,-0.242707048988861,-0.0250678667969328,-1.19469692405335,-1.04381209036108,-1.10334991397798,-1.7325760077696,-3.90434127163467,3.25520947899,3.34424258559411,-2.46314391812172,-0.215774900224079,-0.210908462924709,-1.22926880310965,0.84795163123484,0.251683836694382
0.397693196837157,1.09186196895458,-0.263703060235344,0.267488471233466,0.815789513331456,0.750619296473815,-1.60144746557215,-0.365873894855272,-0.743047170114227,-0.90116022038659,0.239467919023974,-0.982906776837975,1.23873053097545,-0.453201543375261,0.864553854345982,0.212871802772436,-0.0384551938333731,0.166272910718549,-0.585282553887711,-0.398989565276999,1.05764587769686,-1.73295533156695,-1.4293076186218,-1.74165549960418,0.339378768652818,-2.15077580980428,0.837004037960715,0.549777637775848,1.72971885463833,-1.42759947247471,0.235549207578702,-1.19709709722089,0.334234525836129,1.13893939514219,-1.34836815612402,0.719841061322299,1.01002793835515,-0.864270776212915,-1.97645456760466,-1.77806937665982,-0.35294280214402,-0.37244873953509,-0.244061614629788,1.37558001605034,0.476385813877524,-1.79611017623532,-1.32758195397309,-0.694921934769451,-1.87126742940138,0.497409896682871
-0.36630696581308,0.331634333596507,-1.034927760438,-0.193633718044523,-0.0524211333674224,0.166262205006828,0.277572970139722,-2.24336882072852,-0.0216967436639773,-2.22816860107399,-2.29166099293671,2.63638287575521,-0.76973293501322,-2.08549612514631,-0.551889561073516,0.276192485679668,-1.90931690748467,-0.494041714116007,0.401409327870134,-1.68354319735409,1.11642178292608,-0.840895006785179,-0.453870072989545,1.79755790260385,-1.0453249937902,-1.92040297954095,-0.701824120385635,-0.166244755850591,2.0226008217418,-2.49308276031331,0.86817849433327,1.07213399042737,1.74633437368647,2.33553316269684,-0.790537835912721,1.02223382321203,1.01969868385571,1.27875178407201,-0.0768723522032318,0.184046949104995,1.1732988007077,-0.985086176913508,0.305714673820031,1.38481387379415,0.500151064139041,1.21061739177101,1.43435663898948,0.943759737724864,1.73252157411914,-0.124139674884398
0.260371468046389,0.363424943428643,-1.66011835208307,-1.88165673547158,0.0630435938678225,0.74384202577997,-0.70869817942939,0.30577923764907,-0.72023418922747,-0.629893352436969,-1.10102351983971,-0.459179468454247,-0.220252990226411,0.925981683762776,-0.599445410007933,0.0961995248538378,-0.0277532374601703,1.35511157903712,0.636950207089873,-0.10741472669545,0.195373202240372,-0.66526238471792,-1.12073084171499,-0.574198611876816,0.196722512111173,0.831054503038767,-0.275125584181403,-1.28178495923927,0.518738172408371,0.369171538035412,-0.109224821257979,0.999090827802811,1.16454890366579,0.134100652123078,-0.11572491908969,-0.290072327957787,-0.318002475523848,1.1744072761367,0.776153273441917,0.641744810320049,-1.00993118123906,-1.18853433452453,1.7589082766372,0.908287114426788,-1.30199963900906,0.513657044722674,-0.421375340191819,1.71162654549163,0.251550339487118,1.17653701648278
0.461966438750906,0.0423623453690078,1.33212278333132,-1.09314457034937,0.499798928196824,1.25691840603248,0.513761725464891,0.42134578708903,0.537127096532638,-0.372893490836162,-0.37148058772592,1.03907097985633,-1.50511674556303,0.850282429139186,-1.0010474549615,0.00301808673734764,-0.583508895112534,-1.54968892297917,-1.14817898588193,-0.370796918012293,-0.675481333652625,-0.675869178563777,0.972988061317868,0.264586630994358,1.05730299930589,-1.08854085895366,-0.0183211814653576,0.402951151003593,1.93622460430812,-1.03930126760643,1.15901922823633,-0.433209254683522,0.997186915157939,0.167800589930334,0.592081168815085,-1.61599622297625,-1.24638570302155,-1.54862187153209,-0.395424159156593,-1.07985967684612,-0.0066773143689924,-0.0609985105371314,-0.287299511894794,0.0483982380339225,-0.724482214396251,-1.06817660276322,-0.42161077466285,-0.145712361886293,-0.663922563392902,0.0462708420747459
-1.07475896840125,-1.07636302723127,-0.929458837716632,-0.0319200647491721,-1.19168572757696,-0.220120747759886,0.063488573387382,-1.19862355525716,-0.70712864093018,-0.378205449692395,0.143381028822354,0.831573741466153,-0.552846809731426,-1.19202491995202,0.475446997673537,0.818528022858813,0.275559323713389,0.796984778110662,0.78168795339142,-0.126509744554462,0.3064517734883,-1.08913470236065,-0.658032302568886,1.48474015685965,-0.449979444818282,2.36400058793034,1.59579963261756,-1.96020636346525,-0.730522314597476,1.41367194979427,-0.265605758768858,0.0603361221995248,-0.118206537264372,-0.972611283020632,0.390454387825223,0.898926400877012,0.481238853965006,1.65917375897601,0.504580729541004,0.874254121444915,1.7211348857349,1.41133858434215,-1.63210085398895,-1.20654266400074,1.8143451379975,0.0588679453441972,0.326745432038777,-0.752965539632602,0.993395716683462,0.126129725279503
-0.320217871437392,0.260863683237868,0.183421604540249,0.173439834506866,0.0670020596619398,-1.30974789734089,1.58864059586358,-0.0905122183258772,1.20406656783964,-0.270423586831687,-1.99104031373487,0.700845699238408,-0.360547319439657,-0.371413519137887,0.214842650315783,0.931679607614185,-0.759034700009979,0.524376959243387,0.902792380583103,-0.89121025016685,0.457590855862543,0.405533312548745,-1.23726123764639,-1.73027922429885,-0.203040153232898,2.34423615412891,0.92595333188191,-0.0542016812275892,-1.81214263575107,2.19283264373648,-1.02782739277667,0.843206558066901,0.764761505685258,-0.714209590173931,-0.476567434849121,-0.187617786677754,-0.441610165351487,0.0807623552451516,0.975932648046565,0.987104735287246,-0.133367095073278,0.25020800114119,0.556065076480826,0.129067329201564,0.921226537199093,-1.34400919621033,-1.84083670310444,-0.736587441045581,-2.01038888019696,0.251325127086667
0.00750492279613933,1.45491034326661,1.53041659388169,1.55037226669453,1.9571193465401,-1.09774199756947,0.205635237071993,-0.327490273805484,0.512401392733943,-1.41576016784407,-1.35703172042951,1.84480489969171,-1.50299643029491,0.737408737335804,-1.79218027569259,-0.954707419588551,0.127267530156828,-0.896814930808095,0.316038101499788,0.974061113994118,-0.355451449821845,-0.139856782149784,0.693939928979978,0.473106131896042,0.701308489784471,0.255857260766127,0.619118109672206,0.263580985193967,-0.890144465731342,0.0701518540144335,1.44124902446035,1.00574951635851,0.736834815507114,1.07411007746925,1.08141571409025,0.100554753833652,0.410540149531701,-0.832025824174552,-1.09249263717978,-1.07343917204735,0.939857239530144,1.94806567332086,-1.87870420954372,-1.79334950647626,1.46902539261267,1.11733943491899,0.83051822309909,1.34693046238758,-0.165083757896969,0.0323870789168566
0.482940108267592,-0.231413869799647,-0.21687194865295,-1.8779477184032,-0.114628398013146,0.390385001896258,1.2851319396441,-1.70903439591584,-1.12543826138201,0.350192151439621,2.75594231961789,-2.80673229318381,1.74851916439224,1.26853747005857,0.843381128662311,0.503600893646208,0.787587731300731,-1.16892739896543,-0.184859429831872,0.760377679279458,1.27887878282589,0.0710241455826441,-0.756232101418108,1.29053822670359,-1.42719452698307,0.348645645315484,1.34778490737586,0.584878507918935,0.0396424466920968,-0.112953091729822,1.71991613599081,0.118345663557245,0.611498850565146,0.173337204509269,1.66728038839259,-2.27051082416341,-2.16148855753581,-1.48200592813477,0.585924630165366,-0.144731663123852,-0.654032978314696,0.458924821805033,-0.167204987953153,-0.413982328714784,-0.41737223713609,-1.09023677289297,-0.637208510834113,-1.47189996652923,-0.629098413229877,-0.22410926973903
-0.351357396130637,-1.16829183629342,-1.98650411415299,-1.47958442514607,-1.58427030841308,-1.09907066205848,-0.459639215396889,-0.0232143058707907,0.812940440494984,-0.468200066446626,-1.15973259008866,0.885163915164527,-0.685771852882904,0.851836854622227,-1.60735553766401,-0.0777855169808338,-0.588420339835777,0.267450341567852,1.38565466703885,-0.0107560133321438,-0.410764020755529,0.803870093253692,1.79066933571993,1.04688465743869,0.399135467048933,0.655476233035239,-1.36838017951124,-0.544310993789258,-0.470884593482295,1.51485664833969,-0.33162879637538,1.24961729632474,-0.281325297948985,0.348208325860982,0.257292813421803,-0.950424120218177,-0.691008214428039,-0.0801852239006669,-0.427616166621143,-0.793800122163891,-0.253080814571362,-0.12851818560939,-0.155376393429378,0.208553902264162,0.1436245336775,0.825338356850669,0.200751690706623,0.759288606324508,1.59041472838559,1.31943867613515
0.120817650663853,0.42742921214874,1.05243910606832,0.814659256897685,0.59795830682717,-1.94124694253297,0.451107842145892,1.09742333587257,1.28578696740213,-0.22993131385838,0.0416518881280624,0.232118344354403,0.147609986397438,0.179512670213529,-0.435583926922361,-0.682128445224973,0.812888092192098,-0.668601392026811,-0.822519998451849,1.04200145606867,0.811230247947103,1.75498630090016,-0.988466862686146,-1.48449921739418,-1.8098391153533,-0.857026829530971,0.209709266365408,-0.18895967283711,1.24987545213973,-0.85570302891268,-0.0596568888594579,-0.188811985945042,-0.750339097809445,-1.44663346308936,1.23082128856165,-0.631799037245529,-0.646238225819308,-0.556370468533642,0.498807854637089,0.376017574513743,0.459854759661719,1.05631885135664,-1.13185521545627,-0.805764490272184,0.696112116367702,0.707072558674906,0.243338132434894,-0.097422842723892,0.543145377980144,0.0869609023100308
0.146073338503785,0.44132779678343,-0.130287011905473,1.07173902420474,0.482645526814317,2.21724727911853,-0.449131036791259,1.15014970194643,-1.93993004800057,2.00013689751297,-0.393507760665727,-1.04414630022288,1.82112579731196,-0.906129829773824,1.15305646990958,-0.74822957272829,0.597915227180032,1.45330717125334,0.516799166589474,0.714339237352162,-2.18519118700072,-0.163919098044033,0.664630864240394,1.20923090908633,1.19400633073117,0.94916990655382,-1.41706264196562,-1.11698177058856,-1.91826450566895,0.255595345460104,-1.81087484262342,-0.942356328577395,-0.38859922825184,-1.13277827712731,-1.49457826751921,-0.0586600186176115,-0.350227123349743,1.2645831773567,1.48062617845922,1.59522071759319,1.20469949315804,0.0101102784879075,-0.0874643429756158,0.298858537137861,1.60045395964274,1.02313857195828,0.689840539850055,0.0876358065149778,-0.936411320925814,-1.42960118465644
2.10112605976543,1.16814978780538,-1.38396643751383,-2.78418396792054,0.701094387012261,0.512129023083431,0.464977318898706,-0.250061127730926,0.240945457574768,-0.37875365333609,-0.689916991799242,-0.0849271560926228,0.0580863746138835,1.37818111908899,-0.813626791125897,-0.268657496028577,1.206971338953,-0.934997206010774,0.461702210563078,1.71099202697835,-0.54310048590706,-0.519068773740496,0.344579675701929,0.0494973866314449,0.722249138782309,0.582137043355975,0.35812609102856,-0.230456599016058,-1.02071735326016,-0.478157711083137,-0.599222166276081,-1.6591894933922,-0.425320160282941,-0.419862110170641,-1.25610574218986,-0.531939526435145,-0.352431621873797,-0.240130049106048,0.0567479098340842,-0.254431469173258,0.451136887420359,-1.68321300984579,0.851833461839383,1.55566979682536,-0.0184598327434805,-0.284507588514647,0.699114294536036,0.28611337222374,0.559181100408725,-0.103494115437037
-0.294468173462823,0.585719004005014,-0.0184375934178422,0.541384903552608,0.530005657285579,-0.376757925957057,-0.25777758286222,-2.04106415142684,0.379541806559201,-1.6317593716954,0.852431664338179,-0.00578452532995065,-0.463323244651733,-0.414893492421724,0.452798933247332,-1.56287291267277,0.259099358954967,0.318464954558096,-0.0172922094514352,0.929074471036741,0.249716690856295,-0.577239149738519,-0.220183894006947,-0.716317281100318,0.228526743084593,-0.956104446969201,0.408935214882567,-0.868081382630123,1.02798221306109,-1.71328500438511,-1.32411928079403,1.90850445888037,-2.07229324143279,-0.980742263273814,1.15125699060292,0.998904068383108,1.0375891678672,0.404320440242325,-0.685555364366311,-0.37795907737864,0.214956677374418,-1.23464970492107,1.14347755260688,0.625964658717045,-0.601724937956931,-0.108617639887816,-0.197921955799558,1.49934997747569,-2.87163334847954,-1.13258094205906
0.602198095150205,1.20959827907299,0.680941126995969,0.567913574791102,1.03589422357247,-0.60341566333146,-0.759411214126263,-1.26408275928808,-0.601203686446035,-0.807992185887702,-0.601526133468537,1.07143637285954,0.083112252629771,-1.47555773541687,0.0973293356626388,0.535510172603273,1.06448346765734,0.0351735360954931,-0.772821078785499,0.50075626356085,-2.6362337941686,0.106478115721403,1.99170548315843,-0.860273326419426,2.76664442857253,-2.26155710742375,-1.15698754292968,2.27499930946776,0.910587879415654,-1.1798085784275,-0.796053466281394,-0.207468421050963,0.492738623112023,0.233346912402659,-1.48461958056798,-0.0813346348957581,0.515594836839634,-1.24365902800224,-1.624685651425,-1.78258702867364,-0.886926159427705,1.27226132528261,-0.969691005168683,-1.02328079033369,-0.675680333894356,-1.36458633880526,0.0583540962230136,-0.517869803392921,-1.78174879355512,-1.39548747337697
-0.515010105570286,-0.00628340922305679,-0.664020653693415,0.333030077347648,-0.0939217579103263,0.661910711984123,0.16079649733376,0.715888973139207,-0.136824134046742,1.00566343642049,-0.061325502834218,0.535400547698045,-0.151698397987855,-0.457366853297783,-0.263825212360564,-0.531102155574964,0.29568191845255,-1.22493128604802,-0.98787294793741,0.58787303199261,-0.342699392451847,-0.920247082405192,0.954164369234431,0.693654840601416,0.894741403739171,2.00465776116416,0.383405960643107,-1.75245974630801,-0.208495961390635,1.80023768227263,-0.14090196994593,-1.73789471219793,0.684891535582662,-1.39098164745528,-0.54385265114198,0.823588225556697,0.988153154211966,0.528087665075952,-0.499602190458048,-0.225642405340809,1.22855726496668,-0.663425077163629,0.0652556157470082,0.868551242794287,0.680641014813018,-0.238144268393382,0.424920906764665,-1.08305431811738,1.74567278599148,0.513975084947802
-0.00303426639654067,-0.23224226471245,0.0568580572438726,0.778337107775492,0.0771231616584683,0.386708700878745,1.41562264568284,0.661016800674721,0.400242583398375,1.5369710007405,-1.34712160641588,1.03242074989709,-0.687429104778499,1.9580124677971,-2.25186880442837,0.141465558092323,-0.0192345803451177,-1.35568923770897,-1.19035392366863,-0.135094529133783,-0.736840255153818,0.986880376572367,1.12308391880301,-0.1525331175446,0.31891042529409,-0.454406086077868,-2.04472267821047,-0.839235859696522,1.1451460888016,-0.182519035466661,0.323521265326759,-0.0084276782209568,-0.467687867996858,0.526768085833723,0.202951295931337,1.18101216784048,1.64672388358549,-0.457337441193253,-1.64459714482436,-1.41631769961777,-0.974585312314048,-0.566481791529654,0.512218045937372,0.459950497086384,-0.527405959825967,0.360156615001161,0.506114647825454,-0.307272040605898,1.32256155231202,0.433694181107642
-1.19803304808586,-1.22048313088827,0.414809667051197,0.442912944259782,-0.924134215990218,-0.087536953387512,0.640614953804889,-0.738538486759326,1.22306224370139,-1.11470764161705,-0.722092223654743,-0.448246525811698,1.36969448327158,-0.413585624365069,0.215158868472233,-0.916651824749419,1.26979140539307,1.36432029848852,-1.61600335318316,0.584846152866504,0.628452626399342,0.124125682553326,0.227493636680458,0.958732460196917,-0.728172448421037,-0.642459933698401,-1.18580563460616,0.539698145209844,0.438479819270355,-0.194793487377816,0.364418479494624,0.864514442618678,-0.534250850400467,0.287527585286114,1.04852669102985,0.410844731336837,0.591112926765084,-0.9500473323355,-0.504690154342714,-0.413657568767956,0.894440766186211,1.28443193964879,-1.28543981832422,-2.00483513630804,0.385921426681293,-0.0442331172025725,-0.400658373291692,1.1150600242574,-1.03921781853826,0.374369853328404
2.33534816204951,1.68653109265565,-1.02640464634133,-1.2396540919997,1.06513828357812,1.27549313498033,0.109231287452978,-0.453529115204314,-1.15292724472216,0.304764324889479,0.130443824263916,-0.530171914272034,0.409140140287189,-0.762512362251161,1.19163466565514,-0.793711824967016,0.70375122994653,0.929566274231182,0.31414550385292,0.933989308187296,0.665716368701537,-2.74050064320729,-0.401282902915912,-0.536431976785886,1.08648035389846,0.549169085371228,1.91544854425866,0.302072286962063,-0.510051392324959,0.692937349712602,0.338854893062767,1.46519647427608,-1.54745043087175,0.0474207714544675,1.85497889054121,0.011512123949421,0.231522957629142,-0.448639087764546,-0.630441160510322,-0.653745166760231,0.773755035775105,1.2577446990937,-1.67560252160128,-1.02473443497294,-0.246112659349886,-0.21213483028368,-0.11551564338974,0.268830067309554,-0.753650616864958,-0.191444583560569
-0.166097704727045,0.619200538533918,0.236829802586461,0.578707451204986,0.639371370565649,-0.0812135831903428,1.32847456496028,0.769267858074404,0.0494734874431943,1.36737075050038,0.558281389509756,-0.0395913625718186,-0.466988626857889,-0.699156936164927,0.54745596575831,0.380264366191403,-1.01997903880199,0.71989067275894,-0.213881893267493,-1.38508992449687,1.15632764296176,-2.00181004138131,-0.117766138364357,0.193502379746216,0.43832131723885,-0.0537554354503044,0.784684672940706,0.745960510815436,-0.80924334716183,0.174362888318576,-0.956263914195721,-0.621026388343469,-1.16936757049521,1.0289037748788,-1.73724317285561,0.230336871730978,0.303400721967119,-0.701931599643336,-1.15422678814904,-0.909795479390075,-1.28378018663202,-1.58934226625112,2.51348063323667,0.96782724047005,-0.426260418552384,-1.14861101002977,-0.539196834170524,-0.751471665725621,0.540354759075293,0.761500473541996
1.59217916884521,1.04797833654355,-1.40542145871871,-0.966198021145652,0.435800662854323,1.84229901174963,-2.17212678138674,-0.462757349070686,-2.16183831797899,-0.616479959114551,0.522320283933134,0.33380387165381,0.0640941235059774,-1.37788601102662,0.722000410429415,-0.943208041447482,0.403901781836943,-0.888978435118945,-1.18269313185156,0.605887530445603,-0.782969334987837,0.775052025772912,0.0306136940159809,-0.214863018790961,0.350541377469957,0.0873163538989559,-0.656497764756244,-1.03053938228386,1.03240754694496,-0.812975403524904,-0.730223684247917,0.00777165650899835,1.02734657456917,1.26667154770841,-2.15496377378447,1.78705675056186,1.77713043586942,1.66416598852813,-0.324431401312004,0.163894266007043,-0.349437728438456,0.159588487110972,-0.004873359042861,-0.222247748134002,-0.519335587300966,1.97510983486374,1.53595777850301,1.68145876474408,0.85503992732089,-0.321767255658509
-0.318108348053297,-0.553196471625057,-1.6565559477805,-0.284729796088276,-0.755326424945001,0.346968025985451,-0.856597663628597,-0.180305023250723,-0.548140363489791,-0.19831072362987,1.59689340544013,-1.76806161750676,1.24443487952705,0.0880941956124877,1.16797431596962,2.0296651745919,-1.54451226497092,0.0962558371033368,0.987473492537742,-2.03491980759419,0.517954749443671,0.518183557463742,0.660540470791471,0.947632022130713,-0.547538472131979,1.55845290078248,1.02932921007426,-0.312357873839871,-0.100145095727031,1.6649655541041,1.88316357096026,-0.938839053910754,1.38196264567624,1.99948925326092,-0.527227372600517,1.41634433381248,1.22010133032618,0.636293115009246,-0.00482840854708768,0.563719172521394,0.114139649097361,1.68098749214074,-1.15138918269471,-2.01111290161676,-0.082065910372899,-0.263497281682984,-0.221081918695713,-0.125121549036221,-0.166729629773011,-0.0224171592881632
1.04694522025426,2.09182095902706,1.12713635259862,0.772715403785993,2.21815638814165,0.563035373270982,-0.486642135994181,0.524125989838391,-0.746328660015109,0.770708676594217,-0.643865461908108,-0.450178053383604,0.423230042660268,1.70509978104459,-1.2112193542002,-0.927150455052004,-0.143487428301326,-0.455267627597901,-1.44114676341617,-0.176029323453992,0.319979126400881,0.260439985695877,-0.0736357933604156,0.037063475745191,-0.548852126858872,0.218168408709647,-1.2471738612402,-1.02308070825695,-0.613618845997211,-1.03135074303776,-0.685956488647567,-0.754491161628346,-0.528380938724529,-0.180886969678074,-0.840972039823745,0.380928725039345,0.221623738646216,0.126931075652526,0.400441306948658,0.474676977149113,-0.0799665428032345,2.31756074546479,-1.88548960936679,-2.31329069648219,0.135779601447606,0.0363992197079024,-1.0434744945638,-0.0438475497540048,0.0559470153264063,0.73935073459
-0.48159874010761,0.469491249299594,0.473680055048868,1.16519647259144,0.496229850093247,-1.53629118016765,0.26793693304425,-0.218424131101293,1.34837363812169,-1.32697338417043,1.34247947035574,-1.39579248955195,0.928022807595877,0.704361461258072,0.461085235443524,-1.76643430578945,0.695224909242545,0.0665302685196631,-1.37833961085024,0.882120064657154,0.262908909741653,-0.144067899222006,-0.833654293767204,-1.99172399214914,0.0243454807267542,-0.714008735948133,0.191458581715139,1.00956994150772,0.650942497457495,0.273150868556021,0.790329443686485,-0.300395710014118,1.28520613743435,1.56904648327218,-1.09448697343443,-0.355777499603223,-0.236278690421692,0.189132249551448,-0.158034819867565,-0.212392964421713,0.723799181611525,-0.0795316860923653,0.198447222102265,-0.641728824776,0.093726822282553,-1.65254169714956,-0.987414043426745,-2.41422239094715,-0.683622312226705,-0.427891211879194
-0.448187315157314,0.285283691811506,1.0453986075463,1.4284936130015,0.568957609966761,0.233578671653707,-0.47885637701685,-1.53324725362921,-0.327607720503176,-1.46208640466256,0.906664199940135,-1.26125782403978,0.520154981231435,0.545202959435237,0.699764534362513,-0.961014911918069,-0.0147932282192229,0.624413484745258,-1.22399690551117,-0.0637216038805285,-2.77342288970261,-0.0701923984242817,1.6599468214944,-0.622669066703218,2.33711525490618,0.205863860428102,0.856246812349341,0.0772705571522726,0.448355715157048,0.353052763590381,-2.44570161317328,0.854154340112619,0.325757237688836,-0.864262200456267,-1.9085476558598,0.562810465320307,0.189707930115575,0.15245384486826,-0.0760217445976974,0.405700806241666,0.51660848068382,-0.886250267394022,0.157589977061002,1.01046087065739,-0.621919282075416,1.14436589827418,0.599873195245289,1.55546638828215,0.352889788163164,0.176917350811413
0.331509876835098,1.00892889163669,-0.451789866414857,-0.245474402550327,0.637487292104903,-0.334729875294267,0.662109026210773,-1.95604397255254,0.251465501208321,-1.33777748625553,0.757185058613221,-1.54692560327408,1.30769387253362,0.45434329257898,0.790721188088937,-0.31103653781639,-0.172179807398981,-1.02570527153891,1.00678373777735,0.818427041397951,0.137421486975096,1.14675759473112,0.0945566719787954,0.755081807100852,-1.26967564408102,0.266292467602484,-0.115720976865532,-0.450344723631758,-1.12732970174674,-0.691839306103983,0.382996249153704,0.790756384832712,0.743489967887573,0.375450224697769,0.304300348657614,-0.524061198055783,-0.579459368559934,0.856091083499928,0.500067719146997,0.329184119311432,0.0283829681570721,-0.184430305898972,0.107203179646913,-0.158773736348397,-0.106032415867893,0.067341828058833,0.797382424677385,-1.10833134782704,-0.646387954580149,-1.86594143530309
1.3742480815421,0.128188822139679,-0.894029499627735,-0.872509424788569,-0.35256499960829,-1.17406213410136,0.925681622881608,-1.44922804391949,0.88475362704914,-0.9578083344453,1.28576902486193,-0.149092789473015,-0.527588474013703,-0.478356552486194,0.984266001369501,-0.302990869960786,0.4216089849991,-0.583263235799652,-0.644102664823625,0.42945014251684,0.308794033163173,0.668426338768257,-1.42198283171377,-0.574541502235331,-0.98057825972147,0.339956774864977,0.434950538511958,0.159722509408497,-0.433935079484374,0.516202548389637,1.55330551370406,-2.4274962577663,2.85867252043655,0.668512277641612,-1.49055498465178,0.686878820325264,0.77534465917653,0.297986346173577,-0.719719592602376,-0.539756612400008,-0.161780142963775,-2.00095562733844,1.93626556012579,1.8278634617665,-0.0298764737965541,-2.14434902123836,-2.49908914636753,-1.18568114717479,-1.31978368854837,1.22471446738138
1.37991550605386,0.1839196610724,-0.030043375265045,-0.602333693639289,0.14876784137526,1.11795384232532,-0.241682341448529,0.238501646461861,-0.944598178881346,0.394461230407865,1.66113846825333,-1.56614154852033,1.26639302104702,-0.544942464459332,1.10264370717243,-0.238425698456023,-1.31130527456656,-0.102850972056913,2.02087547713154,-0.130506202544084,-0.774128196990244,1.25107545471582,0.96539500922219,1.50109537159119,-0.632278127146143,-0.540887342956835,0.489758152412313,0.61875575772211,1.85301651299649,-0.669995235212557,0.245377593136733,-0.417378151973476,-1.74018699580922,-0.280833713959105,1.00907045710893,-0.134509113274185,-0.137500346921854,0.268499059113919,-0.0236102470186918,-0.057243741160662,0.595722078160816,0.86841377889696,-0.253028285707495,-0.400495399511541,1.1590025185134,-1.2942198620645,0.186369019751382,-2.08153319220852,-0.259150605569712,-0.84406156640399
0.354814035458969,0.383872040058852,-1.6054695430593,-0.953052331003843,0.0667038798572453,0.289277548701964,0.795132142506411,-0.809607683917058,0.197515242511312,0.55964648929535,1.30867552122574,-1.25968531001363,0.382172777539837,1.16440275370937,-0.0802463314736011,0.00456503545997117,1.62496980198438,0.269775046098632,-0.643264125352369,1.19567410805692,0.248722202996346,-0.469984440897244,-1.50037378887098,-0.704603577695062,-0.509802282232135,1.58722421959257,-0.434441133312548,-0.897429261662597,-1.32827452465425,0.919315079161165,-0.546922965882415,-0.409539993852308,0.204707905760883,-1.64793554321916,0.267324198683265,1.11051162602888,0.94006395412536,1.8309112111795,0.550044554510038,0.890892420220193,0.658543502099079,0.318506244096125,-1.00114699418336,-0.192109357110098,-0.260875990509024,-0.487969146225506,-1.37417493517639,0.430723214417688,-0.40680723538334,1.78199971909243
-0.582023517595414,0.176053222352613,0.45687439842427,0.980243065599426,0.271899123151318,0.249415424475012,0.281445413065301,0.239243265563851,-0.566976299461328,0.60563301714048,-0.965787496805609,1.9187847271703,-1.68663419162879,-2.15345546361229,0.812032451800991,-0.677577716320942,0.868017458238886,-1.49559859453415,-2.43538199834005,0.575460925230041,-0.713744161089413,1.91523929462131,-0.453769066827487,0.0351982331570536,-0.488628788617575,-0.468006830605745,-0.461067578285568,0.661695914060859,0.0171469299673033,0.461625567731989,0.846021654818568,-1.09095969591376,-0.012569792482604,0.529359326780206,-0.156227233472341,0.534548017431661,0.812826223184431,0.911112983473367,-0.423394906969855,-0.380980987831531,0.826548738040478,0.907038579684659,-0.843658970448789,-0.675359013664506,0.447221776617982,0.60618807505047,0.72476918301224,-0.523427590292617,0.323731442716791,-1.03819101000314
0.11036613546302,0.718127452585488,-0.036564515476088,1.04946991483478,0.586320543143045,1.22371588683917,-0.0148971165766608,-0.645388146376597,-1.31596502585111,1.24829542085538,-0.670693000388747,-0.787466379574275,1.06574243106415,-0.492600041656442,0.558963694056967,0.110476542752779,0.376462135558218,-0.620796662329557,-1.88386923476947,-0.311013212442602,0.0904852623150484,1.55792138930918,0.543362736418182,0.851839991422851,-0.910500967861175,1.66050187391631,1.84506606275995,-0.448385298372051,-0.559207965460389,1.15256919811399,-0.225491582074741,-0.617591110278879,-0.890785681535554,0.153616828608894,-0.262136018558505,-1.10207993459627,-1.16175350004643,-0.339171503105238,0.84208594717859,0.462814688845908,1.35012445153801,0.163378175003856,-1.08791171115715,-0.291588916079686,0.345532214115545,0.957668672458753,1.26968181184293,-0.0763800117693569,1.19010461005952,-0.441040515235229
-0.381339187993198,0.154382802238002,0.0882003023676561,0.628519239614285,0.253006321398542,0.999974475411135,0.0745894176434453,-0.0186302448358608,-1.75037705639716,1.43611785685261,0.495507014531962,0.536625225750136,-0.855358122681596,0.98120602702663,-1.18168308924069,-0.0962971786989555,0.0470010960830245,-1.25793543809294,-0.0975714717027189,0.368129624329453,0.0961634192186444,-0.89636414117653,-0.75380216328173,0.349892906988009,-0.157300664879431,-1.31234747598359,-0.292579621371071,1.62278103762651,0.82078715936486,-0.0976244530575895,-2.34588723275832,0.243959174000868,-0.969837564753771,-0.760830121137398,-1.59387012548768,0.379968250592492,0.431043139348394,-0.818665427102373,-0.5015375594321,-0.42805732311049,0.775283380983848,-0.547290973240721,0.0887841456443241,0.828082353694022,0.736171415679192,-1.19233202088081,-1.55200336275845,-1.80563535880555,0.603590220560373,0.745488189949088
0.481487257573183,0.608513990123948,0.451455861992707,0.400506964682073,0.831651364510966,1.10083169898336,-1.51688908998492,1.52709530415151,-0.807139785151069,0.303079386661133,0.0727130862922773,-0.606266928395172,1.12008538855734,-0.590810421713253,0.703515287360539,0.993379969973987,-1.55917818933993,-1.38261585621514,-0.397463139704269,-1.72768601302008,1.21705694567463,-1.47606182728222,-0.668180631396984,1.82579037712049,-1.31508773770334,0.138695168622268,0.422939294667914,-0.679659317699698,-0.162258448839944,-1.40632457659364,-1.12291177026669,1.11559693170292,-0.746470732505978,-0.884830780325254,0.405089104060429,-1.11401657069716,-1.04160757360267,0.331237308677612,0.757975342635627,0.310279525432208,-2.30379620699613,-0.482572289659372,0.611007031660553,-0.187704006754274,-2.44919704610353,0.241214585027175,1.1133974272983,0.346172611153223,-0.0355107191220382,-0.699838025931992
1.71888118608605,0.874543405126789,-0.992555076742664,-1.51825272498373,0.424058751812037,-0.424444461140929,1.1704964319223,2.34206057260687,1.79029600823103,0.980488748549924,1.69629463352493,-2.45001238539162,2.01055905192768,-0.299909123787878,2.08343488710007,0.297258252919438,0.135134508383672,-1.12315086057987,-0.758473114747975,0.0541589449598206,-1.32075159942945,0.574846144397551,1.27855064086856,0.950394478386615,0.574844011033336,0.931936224698496,1.00160180917582,0.754045482563333,-1.60155168795207,1.07206974871854,-1.12696800793744,-0.609098309706229,-0.509551975051551,-1.0227219977989,-0.666795087927581,-0.348794549436248,-0.505394436148534,-0.343067738532762,0.147725787904541,0.0340969268566058,2.2754935904267,0.984491896349264,-1.7949750468066,-0.408121910189569,1.84576214063816,2.0762620790125,1.2254041023636,0.320381517399335,3.11501797815607,0.229578436061092
0.0224095926052798,-1.1269462452856,-0.0849384595810633,0.355657869265408,-1.05674171123798,-0.688835732364692,-1.32070109485622,-0.446918254025169,0.873281080615347,-2.03244157834347,0.0810775913188537,-0.289349334336665,0.410991306919962,0.219837937366068,0.178405798309141,1.19421359834408,-1.25513098987201,0.512142715780448,0.615417647871676,-1.67182651699553,-0.450739287283722,0.602191269786918,-0.688241888631749,-0.926896470793084,-0.231997543310026,1.9114807109693,0.478340267221537,-0.940393876455276,-0.263663288061635,1.18321374828967,0.652308202716647,-1.48674413126005,-0.221579307819314,-0.0640597984814836,-0.0758327620637649,-0.699946424898533,-0.662115647611592,-0.705308836755932,0.385330274637336,0.205310115366156,-0.950445767178057,2.53073121788222,-1.62699438517729,-2.6310721085054,0.217262904156587,0.66135162303174,0.747104590409887,0.252589676043675,1.61319405737919,0.19567782712399
0.133948157199837,-0.38026967431501,0.625905147291925,0.56600540517624,-0.0401241951528712,-1.22329540094696,-0.391655770708961,-1.30572894046235,0.606279155974442,-1.2276667799443,0.512067789609792,-1.3222693320141,1.34967281938226,-0.653354663259484,1.44655125079155,-0.573263033700199,0.757209701541417,0.104553032661553,0.696119266815432,1.16510038337324,-0.225264639032778,-1.25685690656893,-0.882200806225471,-1.50995361950841,0.909969728286634,-0.967541504347558,0.297432660439395,1.32257723642871,0.114654406956689,-0.332556750572359,0.915904925744998,-0.364017461250258,0.572825057340087,0.177584084148891,0.455127438758138,-0.541252855467054,-0.454053123577834,-0.644994150912432,0.0204415345381271,-0.216769392723112,-0.0767400206841074,-0.852424274273006,1.01914001187929,0.8018514269428,0.202077682232084,0.830957153189471,1.88981008406509,2.08896443809263,-1.0413068247093,-1.22133200056927
-2.40164685406044,-2.05514666043101,1.34040982707113,0.843193197697874,-1.35885671668674,1.90157013176289,-0.371612418049972,-1.79819256146442,-1.68086690575448,-0.648125835254414,0.620620793162282,-0.697191004973802,0.229934823827154,0.15740551720556,0.492301702872614,1.12207030439206,-0.778334361332407,0.306671086450679,1.52648962612129,-0.775920674634194,-0.513714527790866,0.410899637996586,2.32434159804667,1.29933611723738,0.704830190754273,-1.91024305907697,0.73116249860607,1.56750054709042,1.41289556806431,-1.58047176513628,-0.0411608997175004,-0.756134663318826,-0.597137488634318,-0.384230410409766,0.0611615593951035,-0.818169429325528,-1.31601099527203,0.417688314096407,2.06051138475453,1.88768632084668,0.453363870639085,0.611483965456125,0.586108648303792,-0.295114647880033,0.761498652640069,0.787985665533275,0.576483617760817,-0.572247229774317,-0.746724415799458,-2.01147543113461
0.0736492029770367,-0.113634203516068,-0.335692694087088,-0.542244118273676,-0.285491559087948,0.138752492290861,0.569356608560482,1.103876855339,0.708481247608102,0.720797321439385,-2.19340639652762,1.70133690393843,-0.636866536353121,-1.26724813112716,0.148437025938794,1.06457814267015,-0.919987259674952,-1.46027495112237,0.205837209094175,-0.974026673918123,1.27080700048942,1.43662404845989,-0.496465023753468,-0.285262234756537,-1.70812558862271,-1.97569216586202,-0.397499448727007,0.9800093616956,0.878320080207411,-1.23609662999673,1.07322209731778,-0.568485160641149,-1.06154513276402,-0.327141288003621,1.56869011819089,0.080266175314409,0.182693032352166,-0.894710791173499,-1.07719381627106,-1.00849225306155,-0.120642754080502,0.498026108314239,-0.238876066838015,-0.582795475995393,-0.410864865074041,1.79960542850881,2.68533350034911,2.21475359992539,0.852794006475357,-0.552100192277455
-1.26272791838128,-1.35459193414388,-0.40960014300517,0.0801971529246685,-1.20013131250545,-0.228686339075107,1.62069266318771,-0.958942767181522,0.0873916364041469,0.0601583524833409,-0.376334897009114,1.52877205740189,-1.42626805573141,-0.349861175336074,-0.986856955569188,0.500150798478011,0.886705093637506,-0.456769958948214,0.429625785876735,0.835312991899625,-0.692531614732465,0.967430062390479,1.29021821577753,1.97303600081811,-0.295793465095546,1.76451646090592,-0.1965782355437,-1.03500589735064,-0.208379722394855,1.20561621447034,2.41818681187576,-1.03628325630826,0.303110678916742,0.930421858001792,1.29175485450775,-1.22293154882151,-1.5294643106821,-0.545322227616025,1.618181700104,1.1666594665603,0.500760202599062,-0.0969615574175567,0.106942731951559,-0.0439338051865869,0.236170249763748,0.0971285820448537,0.490893152145202,-0.903980503740167,-0.134865064596241,-1.12006709755134
0.646793712555071,0.350938599745462,0.0725803609729928,-0.694172968750835,0.514056307948381,0.202729895697468,-1.08746704002317,0.865893927431952,-0.804719938589072,0.717969780328696,-0.072879493559975,0.753080147478322,-1.28106012991742,2.19056439393502,-2.11827146470939,-1.00002064951863,2.05020815373088,-0.202392938764394,-0.7557042049293,2.20071544325826,-0.132641637398386,2.7211911200864,1.88043725351735,1.15203929609257,-0.696560505605422,0.235599565454535,-0.668292620963478,-0.626349552630227,1.16188456012878,0.333884298931307,-0.552118523583642,0.27435070673261,0.0206798327342816,-1.22442316955927,0.404426691455182,0.852802700418727,1.03850172311759,-0.930412302876307,-1.8241558846469,-1.4696244640217,-0.143055360738263,-0.684950707110811,0.538086810856736,0.523673311748322,0.216240343163345,0.979102247241177,-0.562890108423054,1.70466839632408,0.207715318150141,1.44605020484879
-0.356453161100341,-0.839515756312678,-0.656923192327466,-1.67429118924033,-0.797145016275317,-1.31737270813548,-0.38669152878204,0.930681025016136,0.699591968134804,0.0638070260767386,-2.10078629535496,1.47244276838703,-0.427993800738893,-0.525700440265616,-1.2542915312661,1.35432881370832,-0.0942372564073466,1.36847413933927,0.863898228101497,-0.753240518519124,-0.894016300196322,-0.524758890606224,-0.00173971304803692,-1.67539979483924,1.50351288699061,0.472660696536771,1.78534729840733,-0.307208366361663,0.464219328090538,-0.173098095271886,0.695941038140054,0.718239162169448,-1.41178281007486,-1.02859320690127,2.69903083837154,-1.9050372830557,-1.91777054586497,-1.47817429659451,-0.113593217252884,-0.5187614709438,-1.31041629871469,0.562804438885382,-0.981270693619831,-0.700280368961054,-0.314966044386441,0.545119457734318,-0.862498667445888,-0.170980825457074,0.366168486218671,0.425723623556962
0.234298140337108,0.249119464717896,0.045699138165509,-0.565100478829296,0.347841842728593,-0.70015566601944,0.608046881464628,0.324801460914542,0.706302487716282,0.196741189991437,-0.127005134995029,-0.160828885869495,0.107984155968357,0.97481115276818,-0.700564651303557,0.709785287562316,-0.890919827610494,-0.705808754913367,0.412497160599679,-0.780483749552058,-0.187082786191571,1.72978049369705,1.70223002465544,0.695414724437279,-0.52860332479574,1.22266354089601,-0.66597148987616,-1.58079437525814,-0.241313097565803,0.198419120547685,-0.340576983771488,-0.0529109071728985,0.488379563296815,-1.19919044703889,0.0925304523539135,0.21621635860097,0.0812720043065551,2.31369231029591,1.01803714503075,1.08381896148687,0.576927585088392,0.0020754186598932,-0.666153514699242,0.0725807413350238,-0.136979648009979,0.295406394346434,-0.726475029495663,1.26012783708997,0.651174671461945,1.35593558378313
-1.42323592717443,-0.00819110060063052,1.78024626964065,2.23036137584784,0.239098035578734,-0.428494143114772,0.332847812803203,-0.271462045767951,0.805322695608485,-0.293987751876907,0.125013610442957,-0.318559241929969,0.0955031732494627,0.371022667258936,-0.360031521407044,-0.214952202064628,0.415597041603912,-1.7613555882969,-2.82429487568204,-0.234924379734694,0.331899189949514,0.872295992418753,0.487020529928568,1.73938522609852,-1.43786635805891,-0.937886082294108,1.12726029285027,1.39940592461714,0.456985115383068,0.056501812738483,1.29107607554052,0.224387742841626,1.43501726950005,-0.0950573984598608,1.00142312673245,0.419041156804509,-0.00712638766432058,0.700769602446752,1.02359881739347,1.33219703278178,0.74886502967067,0.888151043589025,-0.990422608347136,-0.947007912319528,0.96808280854631,1.28008330301844,-0.45068712931538,1.3249002259091,-0.265349834669006,0.501556367801285
-0.939688158124428,-0.801940059390574,0.873663806595297,0.737622889515031,-0.393056973346425,0.898278790654718,0.307269361016002,-0.940687074552257,-0.418175622767132,-0.589261182875849,0.974364575867125,-0.919552489044992,0.909484727742684,-0.077917661551529,0.584044504831872,-0.641974801818202,0.701268257221143,-0.218736127141488,-1.45645237389676,0.505490986309115,-0.568810241247629,-1.48998041764857,0.116112403262876,0.185135002027784,1.19651752776745,-0.786089790637803,-0.347732855197996,2.36366792312733,-0.795711139850425,-0.258776740089647,-1.26862700541847,2.07691762056998,-1.51717664999642,-0.428965618644311,0.835789169068955,1.55059130260814,1.40344241924676,0.79046718773156,0.222608920772539,0.72985233639999,0.343824032219269,-0.277295112781326,0.325690011028368,1.10588514509354,1.25627716404202,-0.781661419117123,0.0857635597295118,-0.149239630848182,0.127428165109981,0.320055967566478
0.831651366141015,0.864210110617628,1.71598354850026,0.914141894718377,1.3862440803496,-0.30051155078507,-0.457560456377121,0.539300242470398,0.167073988046024,-0.0661288959529261,0.15440790662085,-0.87687328474735,0.349080133447657,0.18869378485183,0.919632396058518,-1.45831455999116,2.45032414287074,-0.493339829543803,-1.48522449222626,2.38058388745179,-0.632863671508575,1.36380122532263,0.240928549790848,0.0547042002415853,-0.421218743268614,-0.147441721633425,0.808151868020812,1.6140578517702,-0.614954034318123,1.20286787801211,0.955843329962814,-0.952741993404453,0.61093341925353,-0.23604186006076,0.418872210290402,-0.209592133659143,-0.370728493805421,-0.291720306748191,0.341422488208908,0.412151714382202,-1.7588686390424,0.411312685907222,-0.222071191783986,-0.279421108534326,-1.23063998979056,-0.44914135956221,0.795131079531493,0.718612791704595,0.523705828243634,0.467806879485276
0.0778487260946485,0.24303209438619,-1.0046454552217,-0.389779977381365,-0.235335861457432,2.16163413039486,0.586642372481597,1.24561038090387,-0.83219516589119,2.16985850208452,1.70178897602937,-1.61274146416415,0.429489633451571,1.12357212030243,0.451971333179199,1.15237463935674,-1.90766163882236,0.730919965377975,1.94709965543798,-1.6656563794493,1.54905241593535,-0.253146340268627,-2.00342759279494,-1.86390204956535,-1.0083025918442,1.12760116167822,0.507298042589079,-1.03027953522209,0.828403359944406,0.9710312579648,0.226059037852483,0.0862585176359202,-0.230234322870742,-0.288830853982528,0.609559627152936,-0.69286436648948,-0.767135493542008,-0.371729896224549,0.0079969107771497,-0.275348794920794,1.00832736627863,-0.293386964098487,-1.06257962710288,0.451886357222926,0.730446543526955,-0.972695122367512,-0.829073033135317,0.813630462454081,-0.684993542501357,1.63274647083915
0.1209943943383,0.715696501272023,2.43483345728802,1.70245516241084,1.11303845290014,-2.95917170085096,-0.686174476863976,-1.13920873515238,0.713999691009388,-1.48644490229467,1.05184281110368,-0.57118896459409,-0.298851112004075,0.0297259316611874,0.839463563878148,0.362595280957134,0.0646040991780675,0.542002472580553,-0.285670084158275,-0.457638618729715,0.90705839369639,-0.709209525685363,-0.854378346688431,-0.362427978342603,-0.692489421773053,-0.914836771197409,2.10315575549585,1.70949810344745,0.288773656976677,0.184774893233917,-0.419270817324345,1.76295926885782,-0.157216889409604,0.767536660256264,0.103618872194822,0.0927430772451795,0.352212563381326,-0.586177280530608,-0.444530690520859,-0.422401539217438,-1.49030702931868,-0.724266452535431,1.55070033127536,0.495961908086994,-0.667935546916256,2.00262499013772,2.28857023780621,0.165832255442697,0.910657333804939,-1.91414034401254
1.54487701250667,1.65458210508346,0.393915728632774,0.854294237638254,1.83454230070004,-0.764031359097384,-1.01165714526555,0.61025151035332,-0.0537602582328925,0.136096452514823,-1.56743170998117,2.26031604323955,-0.70547058938096,-1.22486599421561,-0.856374094284209,1.22845804747698,-1.71284174928645,-0.803606560965274,1.24462397679901,-1.28611352563081,2.76103486836687,-2.08353106150063,-3.37243411956057,-1.99222388128103,-1.26189957524132,-1.12039661269985,-1.01045868478062,1.24511802876039,-0.467568517448352,-0.257067102275256,0.131545205603804,-1.0306492820643,0.138441115614813,0.117088911900445,-0.554933757445549,1.28143360666761,1.2407225990758,-0.574744974941972,-0.973290784039048,-0.494058248555409,-0.560922183251267,-0.415245864950221,0.437441141971319,0.854486609889459,1.00288047433526,-0.300030667794375,-0.639808651199336,-0.296291515700747,-0.503176037301282,0.03264594813138
-0.0520910944567244,1.29393253474251,0.00311862952584297,1.61684320772515,1.32567208518012,-1.00977459255468,0.00716076272408876,-0.432719864570613,0.839943054695712,0.0635800653292019,0.961723387522459,-0.667912761432306,-0.237219463276198,1.04358818874884,-0.25735802025226,-1.57690414361486,0.231541047486708,0.645942519832819,-1.44502093500429,0.211924628848287,0.41257188364027,-0.43073567018011,0.862625416559955,-0.55539549287782,0.917179580934081,1.1397270563506,0.967266008835041,0.285948769702785,0.0664253648844357,1.48900714316213,-0.120886018143652,-0.20208033723724,-1.62501313331571,0.370739778398713,0.269006427169749,2.41474648531273,2.29913797352593,1.69646878337571,-0.247847325488283,0.596311889708411,0.348960032391608,0.262204896428109,0.149115177924639,-0.390893021521572,0.335072648820391,-0.816224454853746,-0.825508516639484,-0.14459226684604,-0.0241481624891803,0.882372415410365
1.17517352383448,0.547113235676624,0.160396960901529,0.768899562769287,0.321977882934212,2.08077504701024,-1.66984924459536,-0.922339164125645,-1.19437243226738,-1.51318076555199,-0.200829539749147,-0.716584379236455,0.903165010184338,-0.814672340545972,1.08163205646606,-0.87946488746324,0.799483591874194,1.06324945475596,-0.577977601290846,0.548605248083043,-0.635160223697286,1.03249733960728,0.905281925502083,-0.195523517577015,0.573228699157348,0.347070601952551,-1.07420745152374,-1.0996474904767,-0.333839420370943,-0.848427896718642,-0.10059184842054,-0.789716152232945,-1.49481387881425,0.0785332322416285,0.0733927334316765,2.34774442870447,2.19369361856704,1.79132963858473,-0.377572842536363,0.402367097981762,0.277451608602066,0.389967564932749,-0.304566177605907,-0.40360403689111,0.15629616726327,0.0315562014300339,-1.66517027199479,0.767469754325449,-0.422893389144429,1.46940033985287
0.0371782993896064,0.376319203060595,0.207334300163614,0.537214651358613,0.418126537539768,-0.826530633972114,-1.80237415607287,-1.87581490977891,-0.37768691307772,-2.65442980371997,0.565329647554368,-0.0291862676022714,0.857086785794297,-1.2820342007203,0.679764579940886,1.0091588262277,0.709660300801188,-1.07089388688752,0.35044330645166,0.509299736167531,-0.813447014138187,-0.225900329937295,-0.403851349070313,-0.660452364456396,0.907310233636528,1.44058297077698,1.80287640618695,-0.794566175621713,-0.789945889947024,0.646039042498892,-1.01391629213391,0.588598397585186,-0.63784771378732,-1.10471930782927,0.23172261630983,0.308926327801888,0.284337438243167,0.00371661407567642,-0.311665318134627,-0.204040607146433,0.0796376513813835,0.0525314947359739,-0.224929074935443,0.669666221422546,-0.349574621577742,-1.55503819529183,-2.15125161866722,-2.32952946799496,-0.295174969421753,0.896045421080586
2.30935574295516,1.19871377732162,-0.618220093428846,-0.759498232796154,0.647797784994611,0.7981425090912,0.0401722881086597,-0.716250786439972,-0.519932642140974,-0.109764877416796,-0.753866936241022,0.12039660334548,-0.266099615204196,0.759480924775608,-1.06064506580282,-0.852532402786448,0.64753280683897,-1.01963381647171,-1.15529972121513,0.914471354742372,-1.13300421632352,0.554440591919439,0.224090210137147,0.124665901246419,0.41746976155945,-0.256717933110888,-0.630744906930794,0.969344423856378,-0.0282217317114022,1.40558350342772,0.193839163595205,0.203714485914416,-0.376016077651164,1.11791081074371,-0.359984821507254,0.97442065407769,0.641157629959471,0.780507094660721,0.689728194589059,0.914344617783188,0.546467504954026,1.04643795276572,-0.596572663582618,-0.839237021114186,0.491280423916281,0.737876590515345,0.0510998446367437,0.700162376446631,-1.40303757124918,-0.607105324316067
0.358411973701296,0.17949256093706,0.0170665841328193,0.506115717386972,-0.0146855215272589,0.742034107238911,0.235357362779947,-1.39252356598887,-0.290669757203131,-0.855153509909851,-0.746259341523893,0.700922004632407,-0.291302987913271,0.451504449420617,-1.18732507927618,-1.38863009361976,1.23864683994806,-0.554554117171546,0.15093281243909,2.16346020105859,-0.745977754816017,-0.671960844903329,0.0162915800661294,-0.326898538155349,0.654294614753712,1.09172077278147,-0.785623196141711,-2.81700264161769,0.657974876161798,0.360757226468357,1.03024680624183,1.42188680060837,0.260522861383853,2.15264923251628,0.526987836757151,0.615040290560171,0.246684255280603,0.87411117691512,0.711977787561934,1.10985012565533,1.62386565466048,1.48063127942586,-1.69714512609577,-1.16042974448493,1.01278820103518,0.285741877722492,-0.634239720628208,0.0457674892223449,0.335304162812054,0.527831697387885
-1.05965173578233,-0.47312330273607,-1.08226882057451,0.368913275721512,-0.523180051391396,-0.251494142054757,-0.541352855797358,-0.861194137678702,-0.0940144622502072,-1.84285544357779,-0.0228803566260927,-0.220579457782362,0.856162439473731,-0.66373399670841,0.47732695178446,0.821895115176866,-0.55576209014275,-0.609366463605361,-0.731731076120545,-1.24244417734739,1.49457986600827,-0.70661932191828,-0.322007073563969,0.810469229395275,-0.751351213155838,-0.0739791166914914,0.26928047703572,0.406678216224416,-1.05859783185039,0.296761907800105,1.77821464208536,-0.258389442076049,0.0851806530525121,1.4813821383484,0.6268392623254,-1.29989954107102,-1.41234913250561,-0.0140485225764537,0.903115828674104,0.40223563808576,1.46486175336238,-0.895590274245955,0.100094000261925,1.07388863771487,0.428590875632206,-0.565574962951655,0.0188024290204576,-0.140334082771779,-0.622238766255837,-0.272368276002214
-0.71957022844216,-1.13190015748708,-0.708004991889292,-0.860089086763034,-1.0408941133771,-0.494894040652861,-0.91172094540699,0.722856917519988,0.950748835316516,-0.380363066694165,0.574481191524346,0.177860074805303,-0.913234491074217,1.40670937304673,-0.996918693410075,-0.754518812716606,1.287375011338,0.329151666132734,-0.982160201360775,1.09675542624278,-0.563096332928724,0.276038763346542,0.0185935109148887,0.88813688013086,-0.174851476184914,-0.495003781721213,0.0604277675501935,1.12871578700939,-0.480533340895132,-0.637319111129331,-3.19217257040207,1.72087717099153,-0.872846347168508,-1.82981974421726,-0.834154824368743,-2.74685169969443,-2.46820593122889,-2.75909178713789,-0.583627475830577,-1.6063173088212,0.360811069019504,0.450030771059741,-0.272224538120564,-0.594083777272576,0.191262940215269,0.667431974560612,-0.224812144752647,0.240606730647673,-0.549379389811896,-0.307454452171339
0.697607688700044,1.05432868088271,-0.0768770357795048,-0.307927475192283,1.26797967158204,1.26040873601037,-1.62637488374019,1.31044420543763,-0.745125794594446,0.793693746427821,-0.123425255746847,0.842384327724926,0.0648840721361151,-0.428851521355888,-0.544121012116011,0.251920533160661,0.568315285946372,-0.407277994120617,-0.567245151131092,0.293303006549563,-0.332223739186451,-0.753714954437548,0.0683810745456773,0.657509903189127,0.327657530853957,0.265880755386029,-0.270287822348358,-1.10602332648011,0.729506439402182,-0.352704621352284,0.456931318756286,0.232861202741068,0.0519590662866762,-0.0168936739542677,0.721437454647601,0.54392892109021,0.602749283013127,-0.0259625246115222,-1.2491290330406,-0.996202154644442,0.282530520644654,0.700239982499877,-0.317030401965867,-0.679850129524111,0.997749548182674,-0.387441716389001,-0.718317638364132,0.344078582512811,0.38868828710184,1.06683812296597
-0.269778626262787,0.374333751667753,-1.01119882029691,-1.10233490269849,0.232451920111566,-0.878272303849042,0.91549079674805,-0.607974982811697,1.60683382596781,-1.19738134869152,1.75840789846807,-0.453925235952939,-0.507574955352573,-0.369663542541713,1.11280513486203,4.11266112151176,-1.71322339483243,-0.781160874928787,1.94037075204246,-2.55374327150797,-1.07848001313719,-1.86204500927269,0.79092151660113,-0.844335602823802,2.14596290266986,-0.811766246854357,2.28657437311393,3.00310796192494,0.19726103211991,0.941509079809644,0.44849507886764,0.225744637856969,-1.31571189726199,-0.767416321321555,1.8849178855952,0.602558213697811,0.838561771074442,0.482816975539849,-0.0871925245166706,0.0387617916304454,-0.100245470872318,0.089476083142529,-0.107632948586297,-0.0654108635358808,-0.756847966183911,0.382857681603489,0.342693852366587,1.20068036287057,-0.615915972891575,-0.320992781535644
-1.85253782057979,-2.69627957616581,-0.230051099514096,-0.620950954719589,-2.40978949877383,-2.06121173641084,0.899708780004148,0.271550455458492,2.68701011657475,-1.46267358972609,2.0055304867142,-2.44587818265949,1.87651127334124,0.192362125230494,1.25581432224833,0.080730643794773,0.190883771417916,0.490588175927809,0.387412405203641,0.194594435380891,-0.798041963259367,0.0473072368038424,0.75189891196289,0.423449198894075,0.39049772081238,-1.0191854737369,-0.702906345925614,0.423512434166361,0.305051423567654,-1.0785881374624,-0.111189920415243,-0.106884664182823,0.164217865435012,-0.641112244497538,0.110634565974581,-0.168243419824827,0.129678029765978,-1.0726286733804,-1.24785064179472,-1.26923783312891,-1.02234326190784,-0.501935344093332,1.32281909676383,0.261176126885969,0.385712922040496,1.1700265232451,0.250376934256238,0.534884228898549,0.0598954665024363,-0.680883990165105
-0.0674605744639852,-0.236285129438156,-0.6871314396465,-0.218443019866011,-0.57095030239522,-0.221878546984124,0.400884832754455,1.13299763108492,1.81455124892341,0.17256749930343,1.55123253050785,-1.60990483827464,1.14101581117005,0.0824960629659161,1.18120279367167,-0.925539994732514,0.1051591443405,0.741744711086388,0.470325341485397,0.481017388377817,1.81066618224115,-2.252442527876,-2.25793203082408,-0.571247893512545,-0.997425737894844,-2.66883908284275,1.2798410052392,1.63798774071108,2.79562839888446,-2.9128586064803,-0.308930774305867,0.725901421689577,-0.876907349094862,0.383414068630977,0.338150161823005,-2.61210282363791,-2.5024285978824,-1.93911940539286,0.722689133799477,-0.145343048580489,-0.579507039604749,-0.609610230672381,1.33168509906139,0.604681390740897,-0.604479501275809,0.0482198535046753,0.656444521631186,-0.971905968931021,1.25411473547821,-0.169661301578499
-0.523812293889222,-1.04427892158054,-0.440993583256237,-0.465176385141803,-1.03894361523781,-0.280505475682624,0.63539521204312,-0.474846948330584,0.718915803813993,-0.638428554901526,-0.298387374082649,-0.805127151403559,1.06288823734749,-0.115971085877723,0.427700972863022,-0.619116579620741,-1.28319340783273,-0.58264469879237,-0.494335110459959,-0.857133290578254,0.762306943369426,-1.57081892864232,-0.115172973347547,1.79202387956374,0.0828242035228574,1.56819228935862,-0.314121574374989,-0.911425809725789,-1.39313675114603,1.3268551357248,0.83610893664483,-0.993229710519691,0.418104456683201,0.749912460211399,-0.475385853983711,-0.0470609612167589,-0.408793703233996,0.144919870539613,0.28969558361031,0.433975761504232,-1.48020783314957,-0.309856648113555,0.789729644918154,0.476074215840203,0.0768782872408837,-0.697053406986604,-0.0271150279539651,-0.878717171343633,-0.635698914440104,-0.299144453577102
0.38477561623609,0.796555529616851,1.76357323255779,0.776489041637149,1.41216719759532,-1.30650445786913,-0.474985582501627,0.104855329810089,-0.317086210909727,-0.00975339926165264,-0.109037250537101,1.24785075085099,-0.576933542729162,0.0781899970975446,-1.09185745127781,1.7990552666671,0.152310348502519,0.198834983609631,1.34156469880155,-0.146197798746232,-2.47090892521623,0.138360991860523,1.07447466258516,0.622813464943206,1.11062730214635,1.53046077928333,1.23500837630803,-0.997511338743306,-0.536963115695693,1.4874131088703,1.87620783362722,0.0407739748946329,-0.11401345467302,1.39204230482263,1.04363086282202,-1.05438748067431,-0.560305835654523,-1.47370293120594,-1.39045043328683,-1.82205364090134,-2.75991800677045,-1.8673282814909,1.83879478283754,1.12100718140632,-2.23884481899638,0.0693300845230698,0.342136331938384,0.108448956845144,-0.0477395844458945,-0.535610896067165
-0.167016794372845,-0.416763919501875,0.339706684775798,-0.74546321523464,-0.0909558191627896,-0.483707925149,0.547211275966841,1.62490027200784,0.998329848247635,1.06333575532529,0.905739315883231,-0.0837417501683159,-0.234826568583372,-0.186980234868227,0.715124014586225,1.24070228164424,-1.4123148504119,0.140782143967268,0.843404748866917,-1.55350640691377,-0.734611880561821,1.78749811334698,-0.754053546091242,-1.82063926549529,-0.551441824428769,-2.05259517815522,-0.248599619881004,-0.108857560164402,1.56800929130072,-2.8102815891658,-1.63158787982837,2.13524619421439,-2.14216485551927,-1.08863536563155,1.19930509292438,-0.51875953217187,-1.03140388226375,0.10926389670165,1.67805489069349,1.58490061623889,-0.481870592069513,-0.0940021216038167,0.138805282843275,0.173592209394468,-0.57759240582034,-0.456227927325218,-1.01215487273188,1.32971903716191,0.322809820418748,2.14615810557165
